time,latitude,longitude,depth,mag,magType,nst,gap,dmin,rms,net,id,updated,place,type,horizontalError,depthError,magError,magNst,status,locationSource,magSource
2018-05-10T07:05:27.360Z,33.4943333,-116.7998333,3.06,1.79,ml,69,32,0.08805,0.23,ci,ci38170160,2018-05-10T07:09:02.147Z,"8km NE of Aguanga, CA",earthquake,0.19,0.78,0.126,25,automatic,ci,ci
2018-05-10T07:04:55.820Z,38.398,-118.9155,9.6,1.7,ml,22,95.28,0.137,0.28,nn,nn00634414,2018-05-10T07:06:37.638Z,"29km WSW of Hawthorne, Nevada",earthquake,,3.6,,,automatic,nn,nn
2018-05-10T07:03:12.630Z,19.4818325,-154.8690033,-0.19,2.59,ml,9,131,0.01852,0.13,hv,hv70139312,2018-05-10T07:08:46.590Z,"5km ENE of Leilani Estates, Hawaii",earthquake,0.37,0.28,0.1,3,automatic,hv,hv
2018-05-10T07:00:15.370Z,19.4066658,-155.2689972,1.6,1.98,md,16,61,0.008835,0.13,hv,hv70139302,2018-05-10T07:03:19.650Z,"4km SW of Volcano, Hawaii",earthquake,0.23,0.32,,4,automatic,hv,hv
2018-05-10T06:59:48.910Z,19.4885006,-154.8603363,0.49,2.43,ml,6,131,0.01249,0.12,hv,hv70139297,2018-05-10T07:05:28.290Z,"5km ESE of Nanawale Estates, Hawaii",earthquake,0.24,0.26,0.3,3,automatic,hv,hv
2018-05-10T06:58:11.032Z,62.9457,-149.7156,11.3,1.6,ml,,,,0.79,ak,ak19408928,2018-05-10T07:04:07.684Z,"62km SW of Cantwell, Alaska",earthquake,,0.4,,,automatic,ak,ak
2018-05-10T06:56:07.350Z,19.4794998,-154.8704987,-0.12,2.86,ml,10,155,0.01706,0.22,hv,hv70139282,2018-05-10T07:01:43.630Z,"5km ENE of Leilani Estates, Hawaii",earthquake,0.61,0.26,0.31,3,automatic,hv,hv
2018-05-10T06:54:16.780Z,19.4908333,-154.8743333,1.67,2.43,ml,6,118,0.01704,0.06,hv,hv70139272,2018-05-10T07:09:57.980Z,"4km ESE of Nanawale Estates, Hawaii",earthquake,0.46,0.33,0.103,7,reviewed,hv,hv
2018-05-10T06:52:43.344Z,58.2538,-155.0474,0,1.6,ml,,,,0.59,ak,ak19408926,2018-05-10T06:58:55.982Z,"101km NW of Larsen Bay, Alaska",earthquake,,0.7,,,automatic,ak,ak
2018-05-10T06:50:54.290Z,33.9248333,-116.9201667,22.34,0.77,ml,16,99,0.1368,0.2,ci,ci38170152,2018-05-10T06:54:40.358Z,"4km W of Banning, CA",earthquake,0.46,1.23,0.178,23,automatic,ci,ci
2018-05-10T06:45:02.384Z,64.944,-151.6451,7.9,1.1,ml,,,,0.28,ak,ak19408924,2018-05-10T06:51:33.899Z,"32km SE of Tanana, Alaska",earthquake,,0.9,,,automatic,ak,ak
2018-05-10T06:38:51.840Z,19.4453335,-154.7796631,6.66,2.4,ml,6,299,0.0588,0.1,hv,hv70139212,2018-05-10T06:44:28.150Z,"14km E of Leilani Estates, Hawaii",earthquake,1.41,0.71,3.63,4,automatic,hv,hv
2018-05-10T06:35:18.440Z,38.8033333,-122.8033371,2.25,0.94,md,10,161,0.007799,0.02,nc,nc73014456,2018-05-10T07:04:01.272Z,"5km NW of The Geysers, CA",earthquake,0.41,0.84,0.13,4,automatic,nc,nc
2018-05-10T06:32:49.520Z,38.7975006,-122.8028336,3.4,0.81,md,12,116,0.01199,0.03,nc,nc73014451,2018-05-10T06:52:02.207Z,"5km WNW of The Geysers, CA",earthquake,0.39,0.65,0.07,5,automatic,nc,nc
2018-05-10T06:32:35.950Z,32.9171677,-117.8276672,7.7,1.74,ml,13,280,0.9542,0.23,ci,ci38170144,2018-05-10T06:34:40.968Z,"50km ENE of San Clemente Is. (SE tip), CA",earthquake,3.25,3.61,0.22,8,automatic,ci,ci
2018-05-10T06:31:40.180Z,19.49,-154.8773333,1.72,2.3,ml,5,118,0.01434,0.06,hv,hv70139187,2018-05-10T07:00:48.310Z,"4km ENE of Leilani Estates, Hawaii",earthquake,0.48,0.45,0.087,4,reviewed,hv,hv
2018-05-10T06:14:20.100Z,19.3831673,-154.8943329,5.08,2.36,ml,23,268,0.07568,0.21,hv,hv70139132,2018-05-10T06:19:54.610Z,"9km SSE of Leilani Estates, Hawaii",earthquake,1.02,0.81,0.23,4,automatic,hv,hv
2018-05-10T06:06:02.550Z,19.4795,-154.8703333,-0.17,2.38,ml,5,176,0.01722,0.12,hv,hv70139112,2018-05-10T06:31:08.450Z,"5km ENE of Leilani Estates, Hawaii",earthquake,0.4,0.25,0.188,7,reviewed,hv,hv
2018-05-10T06:05:45.450Z,33.527,-116.7246667,2.31,0.42,ml,16,157,0.03973,0.16,ci,ci38170136,2018-05-10T06:09:22.812Z,"6km WSW of Anza, CA",earthquake,0.5,0.34,0.153,9,automatic,ci,ci
2018-05-10T06:02:07.080Z,33.5241661,-116.7208328,2.46,1.11,ml,19,52,0.04336,0.14,ci,ci38170128,2018-05-10T06:05:09.030Z,"6km SW of Anza, CA",earthquake,0.39,0.5,0.157,18,automatic,ci,ci
2018-05-10T06:00:28.820Z,33.5268333,-116.7211667,2.46,0.83,ml,35,39,0.04076,0.2,ci,ci38170112,2018-05-10T06:04:04.359Z,"5km SW of Anza, CA",earthquake,0.18,0.27,0.168,27,automatic,ci,ci
2018-05-10T05:52:48.680Z,46.7008324,-121.0643311,-1.51,2.58,md,60,49,0.1679,0.22,uw,uw61372597,2018-05-10T07:11:35.040Z,"23km W of Tieton, Washington",earthquake,0.4,2.67,0.25,9,automatic,uw,uw
2018-05-10T05:40:09.360Z,19.49,-154.8761667,1.09,2.22,ml,7,120,0.01517,0.07,hv,hv70139027,2018-05-10T06:36:57.540Z,"4km ENE of Leilani Estates, Hawaii",earthquake,0.41,0.31,0.012,3,reviewed,hv,hv
2018-05-10T05:31:29.170Z,32.7991667,-115.5411667,11.26,1.66,ml,15,83,0.07972,0.25,ci,ci38170096,2018-05-10T05:35:04.609Z,"2km NE of El Centro, CA",earthquake,0.88,1.03,0.279,22,automatic,ci,ci
2018-05-10T05:29:39.780Z,19.4675,-154.8925,2.54,2.39,ml,7,163,0.01325,0.08,hv,hv70138997,2018-05-10T05:46:32.470Z,"2km E of Leilani Estates, Hawaii",earthquake,0.83,0.33,0.207,6,reviewed,hv,hv
2018-05-10T05:23:23.550Z,19.491,-154.8763333,1.15,2.39,ml,6,117,0.0157,0.06,hv,hv70138972,2018-05-10T06:51:08.700Z,"4km ENE of Leilani Estates, Hawaii",earthquake,0.42,0.26,0.064,5,reviewed,hv,hv
2018-05-10T05:21:17.200Z,19.3129997,-155.2196655,2.37,2.82,ml,9,104,0.03195,0.19,hv,hv70138967,2018-05-10T05:26:55.460Z,"13km S of Volcano, Hawaii",earthquake,0.81,1.44,0.54,4,automatic,hv,hv
2018-05-10T05:15:47.600Z,19.3758335,-155.014328,1.48,2.48,ml,35,203,0.05823,0.32,hv,hv70138952,2018-05-10T05:21:20.290Z,"14km SW of Leilani Estates, Hawaii",earthquake,1.04,0.8,3.97,9,automatic,hv,hv
2018-05-10T05:14:49.330Z,38.8013344,-122.8026657,2.75,0.7,md,8,110,0.008773,0.05,nc,nc73014426,2018-05-10T05:39:02.815Z,"5km WNW of The Geysers, CA",earthquake,0.69,2.09,0.16,4,automatic,nc,nc
2018-05-10T05:12:59.080Z,36.5600014,-121.117836,1.48,1.81,md,9,144,0.06003,0.1,nc,nc73014421,2018-05-10T05:28:01.752Z,"4km NE of Pinnacles, CA",earthquake,0.48,1.27,0.03,7,automatic,nc,nc
2018-05-10T05:12:47.990Z,19.4703331,-154.8704987,-0.13,2.68,ml,13,152,0.01971,0.37,hv,hv70138942,2018-05-10T05:18:24.940Z,"4km E of Leilani Estates, Hawaii",earthquake,0.52,0.44,3.92,4,automatic,hv,hv
2018-05-10T05:08:51.710Z,19.3975,-155.2716667,0.18,3.01,ml,21,76,0.002825,0.09,hv,hv70138927,2018-05-10T05:38:40.610Z,"5km SW of Volcano, Hawaii",earthquake,0.14,0.14,0.191,11,reviewed,hv,hv
2018-05-10T05:03:53.380Z,27.932,128.228,10,4.3,mb,,86,1.092,0.79,us,us1000e1sg,2018-05-10T05:51:59.040Z,"132km WSW of Naze, Japan",earthquake,7.2,1.9,0.096,31,reviewed,us,us
2018-05-10T05:01:13.450Z,19.484333,-154.8858337,2.43,2.54,ml,8,113,0.004776,0.15,hv,hv70138887,2018-05-10T05:06:51.290Z,"3km ENE of Leilani Estates, Hawaii",earthquake,0.94,0.31,0.18,3,automatic,hv,hv
2018-05-10T04:59:51.990Z,19.4864998,-154.8690033,-0.02,2.36,ml,7,128,0.01946,0.29,hv,hv70138877,2018-05-10T05:05:26.980Z,"5km ENE of Leilani Estates, Hawaii",earthquake,0.55,0.46,0.24,3,automatic,hv,hv
2018-05-10T04:51:33.410Z,19.4763333,-154.8811667,2.56,2.33,ml,6,149,0.008012,0.1,hv,hv70138842,2018-05-10T07:13:30.560Z,"3km ENE of Leilani Estates, Hawaii",earthquake,1.11,0.61,0.164,6,reviewed,hv,hv
2018-05-10T04:50:58.860Z,33.0483333,-116.353,11.76,0.72,ml,15,108,0.1662,0.21,ci,ci38170008,2018-05-10T04:54:33.711Z,"23km WSW of Ocotillo Wells, CA",earthquake,0.56,1.42,0.107,10,automatic,ci,ci
2018-05-10T04:50:31.490Z,34.0226667,-116.77,11.76,0.68,ml,15,67,0.1026,0.16,ci,ci38170000,2018-05-10T04:54:17.848Z,"12km N of Cabazon, CA",earthquake,0.38,1.3,0.158,14,automatic,ci,ci
2018-05-10T04:49:38.990Z,19.485,-154.8736667,-0.12,1.71,md,7,131,0.01481,0.11,hv,hv70138837,2018-05-10T06:57:13.620Z,"4km ENE of Leilani Estates, Hawaii",earthquake,0.38,0.3,0.135,3,reviewed,hv,hv
2018-05-10T04:41:00.070Z,19.4793333,-154.8733333,-0.13,2.46,ml,5,154,0.01748,0.11,hv,hv70138802,2018-05-10T06:00:43.830Z,"4km ENE of Leilani Estates, Hawaii",earthquake,0.46,0.37,0.133,7,reviewed,hv,hv
2018-05-10T04:40:21.360Z,33.0468333,-116.3745,10.31,1.74,ml,55,44,0.1595,0.25,ci,ci38169992,2018-05-10T04:51:39.090Z,"22km E of Julian, CA",earthquake,0.3,0.93,0.201,26,automatic,ci,ci
2018-05-10T04:40:09.520Z,33.0551667,-116.3635,10.85,0.68,ml,12,164,0.1651,0.18,ci,ci38169984,2018-05-10T04:43:41.097Z,"22km S of Borrego Springs, CA",earthquake,0.49,0.87,0.131,10,automatic,ci,ci
2018-05-10T04:34:48.320Z,19.4918333,-154.8806667,1.92,2.58,ml,7,114,0.01369,0.07,hv,hv70138772,2018-05-10T06:16:55.880Z,"3km ESE of Nanawale Estates, Hawaii",earthquake,0.64,0.31,0.18,7,reviewed,hv,hv
2018-05-10T04:34:30.327Z,63.344,-147.452,84.6,1.3,ml,,,,0.19,ak,ak19406482,2018-05-10T04:37:51.426Z,"75km E of Cantwell, Alaska",earthquake,,1,,,automatic,ak,ak
2018-05-10T04:32:17.660Z,38.824501,-122.8024979,-0.75,1.15,md,13,49,0.01744,0.15,nc,nc73014416,2018-05-10T04:48:01.550Z,"7km NW of The Geysers, CA",earthquake,0.41,1.98,0.14,5,automatic,nc,nc
2018-05-10T04:29:24.540Z,19.4011669,-155.2893372,2.77,1.92,md,16,174,0.01194,0.15,hv,hv70138742,2018-05-10T04:32:14.300Z,"6km WSW of Volcano, Hawaii",earthquake,0.82,0.5,0.4,3,automatic,hv,hv
2018-05-10T04:22:29.040Z,36.022,-117.8801667,1.11,0.67,ml,7,142,0.06999,0.11,ci,ci38169976,2018-05-10T04:26:03.020Z,"7km ESE of Coso Junction, CA",earthquake,0.31,0.61,0.173,8,automatic,ci,ci
2018-05-10T04:21:36.830Z,19.2245007,-154.7053375,15.82,2.36,md,12,297,0.2769,0.2,hv,hv70138712,2018-05-10T04:25:11.470Z,"34km SE of Leilani Estates, Hawaii",earthquake,4.49,18.6,0.04,3,automatic,hv,hv
2018-05-10T04:20:21.650Z,19.4946667,-154.8796667,1.02,2.36,ml,6,119,0.01658,0.07,hv,hv70138707,2018-05-10T06:26:46.740Z,"3km ESE of Nanawale Estates, Hawaii",earthquake,0.39,0.53,0.027,4,reviewed,hv,hv
2018-05-10T04:08:43.860Z,38.8063316,-122.8033371,0.35,1.46,md,17,81,0.01782,0.04,nc,nc73014401,2018-05-10T04:17:02.271Z,"5km NW of The Geysers, CA",earthquake,0.22,0.57,0.14,6,automatic,nc,nc
2018-05-10T04:04:25.330Z,38.8056679,-122.8075027,0.91,2.65,md,38,32,0.009805,0.07,nc,nc73014396,2018-05-10T06:47:47.115Z,"5km NW of The Geysers, CA",earthquake,0.17,0.27,0.15,27,automatic,nc,nc
2018-05-10T04:02:40.820Z,39.6186676,-123.0950012,0.23,1.64,md,6,159,0.1767,0.04,nc,nc73014391,2018-05-10T04:28:02.444Z,"23km SE of Covelo, CA",earthquake,0.48,8.23,0.01,3,automatic,nc,nc
2018-05-10T03:59:51.150Z,38.8083344,-122.8016663,1.81,1.34,md,17,74,0.004985,0.05,nc,nc73014386,2018-05-10T04:08:00.395Z,"5km NW of The Geysers, CA",earthquake,0.26,0.43,0.04,6,automatic,nc,nc
2018-05-10T03:57:45.610Z,19.3999996,-155.0010071,-0.59,1.84,md,19,231,0.06996,0.31,hv,hv70138662,2018-05-10T04:01:11.760Z,"11km SW of Leilani Estates, Hawaii",earthquake,1.97,0.51,0.33,6,automatic,hv,hv
2018-05-10T03:55:39.710Z,33.521,-116.7486667,4.14,0.56,ml,23,73,0.04529,0.16,ci,ci38169960,2018-05-10T03:59:20.837Z,"8km WSW of Anza, CA",earthquake,0.23,0.56,0.208,19,automatic,ci,ci
2018-05-10T03:48:17.090Z,33.5371667,-116.9615,0.32,0.47,ml,16,76,0.09981,0.33,ci,ci38169952,2018-05-10T03:52:16.733Z,"14km NW of Aguanga, CA",earthquake,0.78,31.61,0.152,17,automatic,ci,ci
2018-05-10T03:46:03.690Z,36.025,-117.8765,1.82,1.04,ml,15,140,0.06934,0.16,ci,ci38169936,2018-05-10T03:49:29.805Z,"7km ESE of Coso Junction, CA",earthquake,0.32,0.47,0.263,16,automatic,ci,ci
2018-05-10T03:33:10.710Z,38.8111649,-122.8093338,2.71,2.55,md,38,38,0.01142,0.06,nc,nc73014381,2018-05-10T07:10:03.491Z,"6km NW of The Geysers, CA",earthquake,0.19,0.31,0.15,27,automatic,nc,nc
2018-05-10T03:25:58.160Z,33.4993333,-116.7978333,3.77,1.43,ml,54,31,0.08306,0.21,ci,ci38169928,2018-05-10T03:36:56.450Z,"9km NE of Aguanga, CA",earthquake,0.19,0.64,0.115,26,automatic,ci,ci
2018-05-10T03:17:40.440Z,33.387,-116.9451667,12.18,0.92,ml,9,179,0.2487,0.24,ci,ci38169912,2018-05-10T03:21:16.255Z,"8km WNW of Palomar Observatory, CA",earthquake,1.41,8.73,0.168,7,automatic,ci,ci
2018-05-10T03:16:47.081Z,61.0427,-147.4758,0,1.8,ml,,,,0.7,ak,ak19405258,2018-05-10T03:23:58.749Z,"61km W of Valdez, Alaska",earthquake,,0.2,,,automatic,ak,ak
2018-05-10T03:14:37.890Z,34.0263333,-116.7796667,12.6,0.99,ml,34,60,0.02495,0.15,ci,ci38169904,2018-05-10T03:18:12.854Z,"12km N of Cabazon, CA",earthquake,0.25,0.61,0.216,27,automatic,ci,ci
2018-05-10T03:14:32.530Z,38.7996674,-122.7366638,0.47,0.76,md,7,100,0.01641,0.01,nc,nc73014371,2018-05-10T03:16:09.496Z,"3km SSW of Cobb, CA",earthquake,0.43,1.19,0.24,4,automatic,nc,nc
2018-05-10T03:13:35.090Z,19.3886662,-155.0175018,-0.69,1.93,md,11,237,0.04638,0.23,hv,hv70135886,2018-05-10T03:16:50.280Z,"13km SW of Leilani Estates, Hawaii",earthquake,1.3,0.38,0.3,6,automatic,hv,hv
2018-05-10T03:12:56.600Z,33.5263333,-116.7163333,2.63,0.79,ml,31,30,0.04272,0.13,ci,ci38169896,2018-05-10T03:16:40.921Z,"5km SW of Anza, CA",earthquake,0.13,0.19,0.131,26,automatic,ci,ci
2018-05-10T03:12:44.760Z,33.2753333,-117.4621667,7.52,1.42,ml,16,185,0.508,0.24,ci,ci38169888,2018-05-10T03:16:24.421Z,"9km NW of Camp Pendleton South, CA",earthquake,1.14,4.19,0.386,30,automatic,ci,ci
2018-05-10T03:11:55.600Z,38.7999992,-122.7416687,-0.76,2.17,md,20,93,0.01718,0.07,nc,nc73014366,2018-05-10T06:55:01.225Z,"3km NNE of The Geysers, CA",earthquake,0.29,0.67,0.3,7,automatic,nc,nc
2018-05-10T03:11:36.480Z,38.8218346,-122.7935028,2.31,2.72,md,29,36,0.01392,0.05,nc,nc73014361,2018-05-10T06:40:03.146Z,"6km NNW of The Geysers, CA",earthquake,0.21,0.34,0.23,16,automatic,nc,nc
2018-05-10T03:11:11.300Z,33.6116667,-116.6221667,15.24,0.38,ml,20,55,0.02564,0.22,ci,ci38169880,2018-05-10T03:14:52.485Z,"8km NE of Anza, CA",earthquake,0.48,0.53,0.09,10,automatic,ci,ci
2018-05-10T03:10:02.680Z,38.8186684,-122.8014984,1.91,0.89,md,14,64,0.01173,0.04,nc,nc73014356,2018-05-10T03:11:40.588Z,"6km NW of The Geysers, CA",earthquake,0.3,0.56,0.07,5,automatic,nc,nc
2018-05-10T03:09:29.350Z,33.517,-116.74,6.02,0.42,ml,14,157,0.04833,0.2,ci,ci38169872,2018-05-10T03:13:05.419Z,"8km SW of Anza, CA",earthquake,0.59,0.99,0.157,11,automatic,ci,ci
2018-05-10T03:06:51.520Z,38.815834,-122.8036652,3.43,0.8,md,8,110,0.01022,0.04,nc,nc73014351,2018-05-10T03:08:30.374Z,"6km NW of The Geysers, CA",earthquake,0.63,1.61,0.06,3,automatic,nc,nc
2018-05-10T03:05:59.140Z,38.7851677,-122.7344971,1.31,0.87,md,7,99,0.002598,0.03,nc,nc73014346,2018-05-10T03:07:35.403Z,"2km ENE of The Geysers, CA",earthquake,0.57,0.69,0.04,3,automatic,nc,nc
2018-05-10T03:04:56.740Z,38.8121681,-122.8008347,2.93,0.8,md,9,105,0.02148,0.03,nc,nc73014341,2018-05-10T03:06:35.250Z,"6km NW of The Geysers, CA",earthquake,0.39,1.69,0.03,3,automatic,nc,nc
2018-05-10T03:04:31.590Z,38.8023338,-122.8125,1.88,1.07,md,15,99,0.01457,0.05,nc,nc73014336,2018-05-10T03:06:10.526Z,"6km WNW of The Geysers, CA",earthquake,0.28,0.59,0.11,5,automatic,nc,nc
2018-05-10T03:04:20.090Z,38.7985001,-122.8016663,2.54,1.48,md,20,115,0.01068,0.04,nc,nc73014331,2018-05-10T03:17:02.041Z,"5km WNW of The Geysers, CA",earthquake,0.27,0.63,0.16,8,automatic,nc,nc
2018-05-10T03:04:04.400Z,38.8025017,-122.8073349,2.95,0.83,md,7,168,0.01087,0.06,nc,nc73014326,2018-05-10T03:05:40.210Z,"5km WNW of The Geysers, CA",earthquake,0.68,1.03,0.07,3,automatic,nc,nc
2018-05-10T03:02:58.990Z,38.7946663,-122.8030014,1.55,0.98,md,8,121,0.03054,0.03,nc,nc73014316,2018-05-10T03:04:35.189Z,"4km WNW of The Geysers, CA",earthquake,0.61,1.52,0.06,4,automatic,nc,nc
2018-05-10T03:02:08.030Z,38.7955017,-122.7870026,-0.16,0.84,md,7,97,0.002427,0.06,nc,nc73014311,2018-05-10T03:03:45.198Z,"3km NW of The Geysers, CA",earthquake,0.36,0.54,0.08,4,automatic,nc,nc
2018-05-10T03:01:27.730Z,38.7973328,-122.7854996,-0.74,2.19,md,19,99,0.004558,0.05,nc,nc73014306,2018-05-10T06:25:02.061Z,"3km NW of The Geysers, CA",earthquake,0.21,1.06,0.08,9,automatic,nc,nc
2018-05-10T03:00:30.390Z,38.7991676,-122.7806702,-0.7,1.53,md,11,119,0.008236,0.07,nc,nc73014301,2018-05-10T03:09:04.000Z,"3km NW of The Geysers, CA",earthquake,0.23,1.02,0.13,4,automatic,nc,nc
2018-05-10T02:59:56.520Z,38.7971649,-122.7786636,-0.68,2.71,md,16,74,0.008255,0.03,nc,nc73014296,2018-05-10T05:55:00.896Z,"3km NW of The Geysers, CA",earthquake,0.19,0.69,0.34,5,automatic,nc,nc
2018-05-10T02:59:27.510Z,38.7995,-122.7831667,-0.22,4.03,mw,57,38,0.007323,0.08,nc,nc73014286,2018-05-10T07:10:03.874Z,"3km NW of The Geysers, CA",earthquake,0.08,0.18,,5,reviewed,nc,nc
2018-05-10T02:58:30.910Z,38.81,-122.7971667,1.89,4.19,mw,79,34,0.002497,0.1,nc,nc73014276,2018-05-10T07:10:44.627Z,"5km NW of The Geysers, CA",earthquake,0.11,0.17,,4,reviewed,nc,nc
2018-05-10T02:58:19.000Z,33.8631667,-117.8176667,6.95,1.35,ml,32,63,0.0418,0.2,ci,ci38169856,2018-05-10T03:08:51.810Z,"3km S of Yorba Linda, CA",earthquake,0.36,0.8,0.238,27,automatic,ci,ci
2018-05-10T02:51:45.440Z,33.505,-116.793,5.23,0.76,ml,31,35,0.07611,0.19,ci,ci38169848,2018-05-10T02:55:24.778Z,"10km NE of Aguanga, CA",earthquake,0.21,1.12,0.107,27,automatic,ci,ci
2018-05-10T02:47:43.130Z,19.381834,-155.0373383,3.66,2.46,ml,31,192,0.0411,0.36,hv,hv70135861,2018-05-10T02:53:19.430Z,"15km SW of Leilani Estates, Hawaii",earthquake,1.06,1.66,3.7,6,automatic,hv,hv
2018-05-10T02:41:24.420Z,33.503,-116.8035,2.86,2.16,ml,78,28,0.08325,0.21,ci,ci38169824,2018-05-10T02:54:07.153Z,"9km NE of Aguanga, CA",earthquake,0.17,0.75,0.172,26,automatic,ci,ci
2018-05-10T02:38:58.560Z,33.505,-116.7965,6.38,0.24,ml,11,104,0.07794,0.12,ci,ci38169816,2018-05-10T02:42:29.150Z,"9km NE of Aguanga, CA",earthquake,0.49,1.33,0.128,6,automatic,ci,ci
2018-05-10T02:26:56.700Z,38.8243332,-122.8026657,-0.75,1.27,md,13,49,0.01732,0.06,nc,nc73014251,2018-05-10T04:06:02.385Z,"7km NW of The Geysers, CA",earthquake,0.22,1.25,0.12,5,automatic,nc,nc
2018-05-10T02:26:28.250Z,38.8224983,-122.8010025,1.23,0.91,md,8,91,0.01518,0.03,nc,nc73014246,2018-05-10T02:28:03.901Z,"6km NW of The Geysers, CA",earthquake,0.42,2.4,0.05,3,automatic,nc,nc
2018-05-10T02:24:16.090Z,33.5181667,-116.798,4.21,0.17,ml,13,96,0.0692,0.11,ci,ci38169800,2018-05-10T02:27:51.205Z,"10km NE of Aguanga, CA",earthquake,0.26,0.67,0.122,5,automatic,ci,ci
2018-05-10T02:23:15.320Z,19.4011669,-155.2626648,1.51,2.71,ml,34,31,0.004309,0.18,hv,hv70135836,2018-05-10T02:28:51.860Z,"4km SW of Volcano, Hawaii",earthquake,0.22,0.17,0.18,6,automatic,hv,hv
2018-05-10T02:00:05.140Z,19.4041672,-155.1968384,1.23,1.85,md,8,171,0.03498,0.05,hv,hv70135811,2018-05-10T02:02:53.330Z,"5km SE of Volcano, Hawaii",earthquake,0.35,0.62,0.07,3,automatic,hv,hv
2018-05-10T01:47:23.761Z,62.8671,-151.4116,12.5,1.3,ml,,,,1.08,ak,ak19404043,2018-05-10T01:51:07.671Z,"90km NW of Talkeetna, Alaska",earthquake,,1.2,,,automatic,ak,ak
2018-05-10T01:45:52.490Z,38.8031654,-122.8166656,2.72,0.76,md,8,100,0.01131,0.05,nc,nc73014236,2018-05-10T01:47:29.803Z,"6km WNW of The Geysers, CA",earthquake,0.9,1.57,0.14,4,automatic,nc,nc
2018-05-10T01:45:01.440Z,33.4126667,-117.031,10.49,0.96,ml,36,35,0.02356,0.2,ci,ci38169784,2018-05-10T01:48:35.070Z,"7km NE of Pala, CA",earthquake,0.24,0.54,0.21,26,automatic,ci,ci
2018-05-10T01:39:53.000Z,33.4788333,-116.4791667,11.82,0.92,ml,29,101,0.06302,0.24,ci,ci38169776,2018-05-10T01:43:31.443Z,"20km ESE of Anza, CA",earthquake,0.38,0.72,0.141,29,automatic,ci,ci
2018-05-10T01:34:11.470Z,19.3728333,-155.2375,0.32,1.96,md,11,85,0.003024,0.06,hv,hv70135791,2018-05-10T05:14:20.740Z,"6km S of Volcano, Hawaii",earthquake,0.22,0.34,0.122,4,reviewed,hv,hv
2018-05-10T01:29:36.688Z,60.009,-152.6858,90.6,1.8,ml,,,,1.09,ak,ak19404040,2018-05-10T01:31:59.101Z,"53km S of Redoubt Volcano, Alaska",earthquake,,1,,,automatic,ak,ak
2018-05-10T01:24:35.170Z,19.362833,-155.0111694,4.91,2.37,md,31,231,0.07069,0.29,hv,hv70135771,2018-05-10T01:28:00.300Z,"15km SW of Leilani Estates, Hawaii",earthquake,0.97,0.78,0.09,16,automatic,hv,hv
2018-05-10T01:24:25.810Z,37.5328333,-118.877,2.83,1.36,md,35,101,0.06862,0.04,nc,nc73014226,2018-05-10T05:52:02.879Z,"15km SE of Mammoth Lakes, CA",earthquake,0.17,0.61,0.271,29,reviewed,nc,nc
2018-05-10T01:20:25.530Z,35.6861667,-121.129,6.7,1.62,md,24,121,0.09011,0.05,nc,nc73014221,2018-05-10T03:02:01.959Z,"7km NE of San Simeon, CA",earthquake,0.29,0.69,0.192,14,reviewed,nc,nc
2018-05-10T01:18:17.820Z,19.3898335,-155.0286713,0.14,1.9,md,21,196,0.04557,0.32,hv,hv70135761,2018-05-10T01:21:29.750Z,"14km SW of Leilani Estates, Hawaii",earthquake,1.28,0.59,0.31,8,automatic,hv,hv
2018-05-10T01:18:05.590Z,36.6331673,-120.987999,0.02,2.17,md,19,207,0.06856,0.1,nc,nc73014216,2018-05-10T05:25:02.737Z,"18km NE of Pinnacles, CA",earthquake,0.84,2.34,0.17,18,automatic,nc,nc
2018-05-10T01:05:55.604Z,63.2531,-151.3716,0,1.5,ml,,,,0.82,ak,ak19404029,2018-05-10T01:09:14.471Z,"121km NNW of Talkeetna, Alaska",earthquake,,0.3,,,automatic,ak,ak
2018-05-10T01:02:07.220Z,19.364666,-154.9360046,5.62,2.42,md,23,261,0.09209,0.27,hv,hv70135736,2018-05-10T01:05:24.750Z,"11km S of Leilani Estates, Hawaii",earthquake,1.16,0.81,0.16,12,automatic,hv,hv
2018-05-10T01:01:58.360Z,19.4045,-155.2753333,0.72,1.68,md,12,56,0.009164,0.04,hv,hv70135731,2018-05-10T01:48:04.360Z,"4km SW of Volcano, Hawaii",earthquake,0.26,0.36,0.208,3,reviewed,hv,hv
2018-05-10T00:59:45.771Z,59.354,-151.151,119.4,1.8,ml,,,,1.1,ak,ak19404027,2018-05-10T01:03:45.097Z,"39km SE of Homer, Alaska",earthquake,,0.7,,,automatic,ak,ak
2018-05-10T00:57:58.280Z,38.616,-122.8195,2.95,1.92,md,34,66,0.1495,0.13,nc,nc73014211,2018-05-10T03:11:25.420Z,"4km E of Healdsburg, CA",earthquake,0.21,1.76,0.162,23,reviewed,nc,nc
2018-05-10T00:56:40.740Z,33.47,-116.7458333,-0.09,-0.05,ml,13,143,0.06929,0.37,ci,ci38169752,2018-05-10T01:00:30.343Z,"12km ENE of Aguanga, CA",earthquake,1.06,31.61,0.072,4,automatic,ci,ci
2018-05-10T00:48:48.800Z,33.2343333,-116.7716667,10.88,0.92,ml,36,39,0.01094,0.18,ci,ci38169736,2018-05-10T00:52:24.569Z,"1km SW of Lake Henshaw, CA",earthquake,0.24,0.45,0.148,27,automatic,ci,ci
2018-05-10T00:40:59.970Z,19.3996667,-155.2896667,0.91,1.97,md,21,49,0.01045,0.08,hv,hv70135696,2018-05-10T01:02:38.010Z,"6km WSW of Volcano, Hawaii",earthquake,0.17,0.17,0.118,6,reviewed,hv,hv
2018-05-10T00:39:45.700Z,38.7898331,-122.7883301,1.27,1.73,md,15,134,0.003356,0.04,nc,nc73014206,2018-05-10T04:44:02.527Z,"3km WNW of The Geysers, CA",earthquake,0.28,0.45,0.05,7,automatic,nc,nc
2018-05-10T00:25:38.155Z,62.9763,-151.0873,124.7,1.7,ml,,,,0.34,ak,ak19402822,2018-05-10T00:29:12.112Z,"88km NW of Talkeetna, Alaska",earthquake,,1.1,,,automatic,ak,ak
2018-05-10T00:21:07.930Z,19.3128333,-155.6861667,11.98,1.69,md,18,60,0.04554,0.13,hv,hv70135676,2018-05-10T00:41:48.620Z,"24km SE of Honaunau-Napoopoo, Hawaii",earthquake,0.53,0.47,0.115,12,reviewed,hv,hv
2018-05-10T00:17:45.470Z,38.8301659,-122.8098297,2.12,0.93,md,7,131,0.0209,0.02,nc,nc73014201,2018-05-10T00:19:20.069Z,"8km NW of The Geysers, CA",earthquake,0.97,2.04,0.07,3,automatic,nc,nc
2018-05-10T00:17:30.117Z,60.1497,-140.9071,0,1.4,ml,,,,0.55,ak,ak19402820,2018-05-10T00:20:38.944Z,"85km E of Cape Yakataga, Alaska",earthquake,,0.3,,,automatic,ak,ak
2018-05-10T00:14:04.669Z,66.2862,-157.2294,0.1,1.4,ml,,,,0.8,ak,ak19402817,2018-05-10T00:18:56.061Z,"70km SSW of Kobuk, Alaska",earthquake,,0.3,,,automatic,ak,ak
2018-05-10T00:11:40.210Z,33.5235,-116.452,8.99,0.43,ml,13,117,0.02197,0.1,ci,ci38169712,2018-05-10T00:17:24.448Z,"20km SW of La Quinta, CA",earthquake,0.32,0.47,0.189,6,reviewed,ci,ci
2018-05-09T23:57:05.390Z,38.8146667,-122.8271637,1.07,1.84,md,17,81,0.01391,0.04,nc,nc73014196,2018-05-10T01:35:02.196Z,"7km NW of The Geysers, CA",earthquake,0.22,0.37,0.16,9,automatic,nc,nc
2018-05-09T23:48:28.500Z,34.0451667,-117.2501667,16.11,1.25,ml,41,61,0.06592,0.11,ci,ci38169704,2018-05-10T00:13:41.620Z,"1km ESE of Loma Linda, CA",earthquake,0.16,0.34,0.169,18,reviewed,ci,ci
2018-05-09T23:42:24.060Z,37.1985,-97.7758333,5.98,1.51,ml,10,98,0.04697,0.02,ismpkansas,ismpkansas70245433,2018-05-10T01:27:54.780Z,"23km ENE of Anthony, Kansas",earthquake,0.22,0.55,0.147,14,reviewed,ismp,ismp
2018-05-09T23:41:41.050Z,32.9216667,-116.2626667,13.24,0.78,ml,11,130,0.1375,0.09,ci,ci37186196,2018-05-10T00:09:30.539Z,"27km ENE of Pine Valley, CA",earthquake,0.23,0.72,0.114,7,reviewed,ci,ci
2018-05-09T23:41:24.730Z,32.7748333,-115.5331667,11.78,1.34,ml,13,158,0.07885,0.17,ci,ci38169696,2018-05-10T00:05:57.056Z,"3km ESE of El Centro, CA",earthquake,0.45,0.73,0.279,11,reviewed,ci,ci
2018-05-09T23:31:10.700Z,63.0173,-149.0818,75.5,1.2,ml,,,,0.5,ak,ak19402810,2018-05-10T00:06:42.345Z,"42km S of Cantwell, Alaska",earthquake,,0.4,,,reviewed,ak,ak
2018-05-09T23:30:54.461Z,62.1729,-150.1105,59.8,1.1,ml,,,,0.24,ak,ak19401635,2018-05-10T00:05:00.307Z,"13km W of Y, Alaska",earthquake,,0.4,,,reviewed,ak,ak
2018-05-09T23:26:26.890Z,44.2886,-114.5861,8.33,2.5,ml,,57,0.736,0.91,us,us1000e1pf,2018-05-10T00:05:57.110Z,"37km SW of Challis, Idaho",earthquake,2.9,6.3,0.064,32,reviewed,us,us
2018-05-09T23:25:06.690Z,19.3178329,-155.2106628,5.23,2.11,md,30,88,0.03873,0.2,hv,hv70135601,2018-05-09T23:57:15.803Z,"12km SSE of Volcano, Hawaii",earthquake,0.58,1.02,0.08,16,automatic,hv,hv
2018-05-09T23:21:45.470Z,32.7816667,-115.5303333,11.71,1.68,ml,22,110,0.06225,0.19,ci,ci38169688,2018-05-09T23:59:21.210Z,"3km ESE of El Centro, CA",earthquake,0.4,0.37,0.276,19,reviewed,ci,ci
2018-05-09T23:20:14.050Z,38.7765007,-122.7235031,0.43,0.94,md,11,137,0.005866,0.08,nc,nc73014186,2018-05-10T00:11:01.695Z,"3km W of Anderson Springs, CA",earthquake,0.4,0.48,0.06,4,automatic,nc,nc
2018-05-09T23:18:25.310Z,33.9996667,-116.8033333,12.97,0.76,ml,18,84,0.03559,0.1,ci,ci38169680,2018-05-09T23:39:39.140Z,"9km N of Cabazon, CA",earthquake,0.25,0.62,0.14,12,reviewed,ci,ci
2018-05-09T23:16:28.080Z,19.3748341,-155.0404968,1.81,1.93,md,22,194,0.04266,0.31,hv,hv70135581,2018-05-09T23:19:47.540Z,"15km SSE of Fern Acres, Hawaii",earthquake,0.8,0.95,0.26,9,automatic,hv,hv
2018-05-09T23:15:28.229Z,61.5945,-150.4091,52.4,1.7,ml,,,,0.32,ak,ak19401629,2018-05-09T23:22:03.942Z,"25km WNW of Big Lake, Alaska",earthquake,,0.9,,,automatic,ak,ak
2018-05-09T23:13:38.640Z,33.2318333,-116.7633333,11.77,0.93,ml,30,59,0.1026,0.23,ci,ci38169672,2018-05-09T23:36:59.134Z,"1km S of Lake Henshaw, CA",earthquake,0.35,1.03,0.155,28,reviewed,ci,ci
2018-05-09T23:08:52.171Z,65.0022,-147.3504,6.8,1.2,ml,,,,0.59,ak,ak19401597,2018-05-09T23:12:13.820Z,"24km NNE of Badger, Alaska",earthquake,,0.5,,,automatic,ak,ak
2018-05-09T23:02:35.600Z,33.5966667,-116.6136667,9.79,0.39,ml,19,66,0.01482,0.22,ci,ci38169664,2018-05-09T23:37:11.739Z,"7km NE of Anza, CA",earthquake,0.48,0.63,0.285,10,reviewed,ci,ci
2018-05-09T22:48:33.380Z,19.3388329,-155.1054993,7.59,1.9,md,27,158,0.04513,0.19,hv,hv70135536,2018-05-09T22:51:43.700Z,"17km SE of Volcano, Hawaii",earthquake,0.8,0.51,0.16,9,automatic,hv,hv
2018-05-09T22:44:37.580Z,46.8496667,-121.747,0.39,-0.33,md,3,220,0.02345,0.01,uw,uw61372427,2018-05-10T00:21:28.640Z,"27km NNW of Packwood, Washington",earthquake,0.52,1.43,0.291,2,reviewed,uw,uw
2018-05-09T22:39:41.040Z,46.1983333,-122.1806667,3.32,-0.01,mh,4,146,0.02406,0.03,uw,uw61372417,2018-05-10T00:31:47.570Z,"38km NNE of Amboy, Washington",earthquake,2.46,8.09,,0,reviewed,uw,uw
2018-05-09T22:37:26.520Z,33.3461667,-116.7855,13.96,1.51,ml,48,33,0.065,0.14,ci,ci38169656,2018-05-09T23:00:48.870Z,"7km E of Palomar Observatory, CA",earthquake,0.14,0.35,0.117,25,reviewed,ci,ci
2018-05-09T22:36:52.639Z,65.8702,-156.2339,0,1.5,ml,,,,0.8,ak,ak19400454,2018-05-09T22:42:09.704Z,"119km SSE of Kobuk, Alaska",earthquake,,0.3,,,automatic,ak,ak
2018-05-09T22:27:30.180Z,38.8333321,-122.8776703,1.34,0.53,md,8,105,0.006652,0.04,nc,nc73014171,2018-05-09T22:52:01.829Z,"12km WNW of The Geysers, CA",earthquake,0.4,0.88,0.06,3,automatic,nc,nc
2018-05-09T22:23:41.300Z,33.5261667,-116.5653333,10.3,0.68,ml,29,63,0.04241,0.1,ci,ci38169648,2018-05-09T22:53:40.480Z,"10km ESE of Anza, CA",earthquake,0.16,0.23,0.154,17,reviewed,ci,ci
2018-05-09T22:21:13.090Z,33.5058333,-116.7956667,4.61,0.45,ml,16,97,0.07685,0.07,ci,ci38169632,2018-05-09T22:54:36.750Z,"10km NE of Aguanga, CA",earthquake,0.19,0.33,0.095,5,reviewed,ci,ci
2018-05-09T22:11:37.186Z,63.1749,-149.6169,0,1.3,ml,,,,0.45,ak,ak19400419,2018-05-09T22:14:58.371Z,"41km SW of Cantwell, Alaska",earthquake,,0.5,,,automatic,ak,ak
2018-05-09T22:05:31.370Z,44.3953333,-113.1756667,4.61,1.71,ml,8,147,0.491,0.14,mb,mb80292729,2018-05-09T22:44:20.910Z,"53km WSW of Lima, Montana",earthquake,0.95,3.15,0.243,3,reviewed,mb,mb
2018-05-09T21:53:27.723Z,62.0115,-151.0267,60.9,2.8,ml,,,,0.68,ak,ak19400404,2018-05-09T22:19:27.040Z,"59km WNW of Willow, Alaska",earthquake,,0.5,,,automatic,ak,ak
2018-05-09T21:46:21.960Z,19.3885002,-154.9685059,0.29,2.28,ml,10,259,0.05626,0.16,hv,hv70135381,2018-05-09T21:51:57.350Z,"10km SSW of Leilani Estates, Hawaii",earthquake,0.94,0.37,0.34,3,automatic,hv,hv
2018-05-09T21:42:33.291Z,61.7465,-150.3395,39.6,1.5,ml,,,,0.65,ak,ak19400392,2018-05-09T21:46:02.088Z,"15km W of Willow, Alaska",earthquake,,0.7,,,automatic,ak,ak
2018-05-09T21:39:33.910Z,33.5041667,-116.7976667,4.54,0.35,ml,16,142,0.0792,0.08,ci,ci38169616,2018-05-09T22:14:46.480Z,"9km NE of Aguanga, CA",earthquake,0.2,0.3,0.107,5,reviewed,ci,ci
2018-05-09T21:26:00.310Z,-6.2866,104.9234,60.42,5.3,mww,,53,2.738,1.12,us,us1000e1mn,2018-05-09T21:43:31.040Z,"79km SSW of Padangcermin, Indonesia",earthquake,7.3,5.8,0.071,19,reviewed,us,us
2018-05-09T21:18:31.920Z,33.2378333,-116.7688333,11.54,0.85,ml,30,59,0.109,0.15,ci,ci38169608,2018-05-09T22:09:56.243Z,"1km SW of Lake Henshaw, CA",earthquake,0.21,0.59,0.075,15,reviewed,ci,ci
2018-05-09T21:17:04.010Z,32.7891667,-115.5378333,14.38,2.16,ml,31,67,0.06105,0.28,ci,ci38169600,2018-05-09T22:49:36.611Z,"2km E of El Centro, CA",earthquake,0.45,0.63,0.257,25,reviewed,ci,ci
2018-05-09T21:15:30.450Z,32.7773333,-115.5318333,13.58,1.89,ml,24,71,0.05915,0.25,ci,ci38169592,2018-05-09T22:45:12.323Z,"3km ESE of El Centro, CA",earthquake,0.48,0.67,0.307,23,reviewed,ci,ci
2018-05-09T21:14:05.480Z,32.7735,-115.5401667,16.12,1.78,ml,14,74,0.05117,0.27,ci,ci37186188,2018-05-09T22:40:50.937Z,"2km SE of El Centro, CA",earthquake,0.67,0.77,0.263,29,reviewed,ci,ci
2018-05-09T21:14:03.420Z,32.7826667,-115.5365,13.45,1.85,ml,22,70,0.05827,0.25,ci,ci38169584,2018-05-09T22:41:24.703Z,"2km ESE of El Centro, CA",earthquake,0.49,0.75,0.305,13,reviewed,ci,ci
2018-05-09T21:09:20.520Z,46.4926667,-122.6121667,-0.91,1.16,ml,7,192,0.1884,0.37,uw,uw61372327,2018-05-10T00:36:33.200Z,"24km ESE of Napavine, Washington",explosion,1.73,31.61,0.16,6,reviewed,uw,uw
2018-05-09T21:07:47.770Z,17.5812,-83.3705,10,4.2,mb,,66,5.136,1.4,us,us1000e1m1,2018-05-09T21:46:17.040Z,"62km ENE of Great Swan Island, Honduras",earthquake,2.5,2,0.166,10,reviewed,us,us
2018-05-09T21:02:41.570Z,13.9498,145.7448,92.19,5.3,mb,,57,0.923,1,us,us1000e1lx,2018-05-10T06:22:36.149Z,"62km ESE of Rota, Northern Mariana Islands",earthquake,6,5.8,0.033,299,reviewed,us,us
2018-05-09T21:02:12.510Z,19.3314991,-155.1705017,3.49,1.72,md,27,88,0.04771,0.23,hv,hv70135296,2018-05-09T21:05:24.960Z,"13km SSE of Volcano, Hawaii",earthquake,0.6,1.78,0.14,11,automatic,hv,hv
2018-05-09T21:00:57.440Z,19.2973328,-155.105835,6.89,1.7,md,10,208,0.02475,0.19,hv,hv70135291,2018-05-09T21:04:17.160Z,"20km SE of Volcano, Hawaii",earthquake,1.02,1.65,0.1,3,automatic,hv,hv
2018-05-09T21:00:25.520Z,34.0153333,-116.7938333,13.45,1.47,ml,48,46,0.02291,0.14,ci,ci38169552,2018-05-09T22:26:08.999Z,"11km N of Cabazon, CA",earthquake,0.16,0.35,0.165,21,reviewed,ci,ci
2018-05-09T20:59:40.670Z,38.8166656,-122.7850037,-0.87,0.57,md,7,115,0.004791,0.09,nc,nc73014146,2018-05-09T21:49:02.420Z,"5km NNW of The Geysers, CA",earthquake,0.3,0.87,0.2,3,automatic,nc,nc
2018-05-09T20:59:19.870Z,38.8121681,-122.7861633,-0.09,1.21,md,15,59,0.004416,0.04,nc,nc73014141,2018-05-10T00:04:01.329Z,"5km NNW of The Geysers, CA",earthquake,0.17,0.79,0.02,4,automatic,nc,nc
2018-05-09T20:50:22.120Z,36.166,-120.0291667,8.4,1.72,md,35,181,0.1234,0.08,nc,nc73014126,2018-05-10T01:57:03.307Z,"8km ESE of Huron, CA",earthquake,0.63,0.22,0.164,15,reviewed,nc,nc
2018-05-09T20:36:30.910Z,33.3055,-116.1033333,10.27,1.01,ml,42,52,0.1016,0.21,ci,ci38169528,2018-05-09T20:57:03.388Z,"14km W of Salton City, CA",earthquake,0.26,0.64,0.125,19,reviewed,ci,ci
2018-05-09T20:34:10.624Z,66.5058,-148.7361,0,1.4,ml,,,,0.68,ak,ak19398084,2018-05-09T20:37:48.476Z,"105km SE of Coldfoot, Alaska",earthquake,,0.6,,,automatic,ak,ak
2018-05-09T20:33:50.660Z,46.8345,-121.9751667,6.84,-0.07,md,4,234,0.09265,0.08,uw,uw61372307,2018-05-10T01:02:14.190Z,"22km E of Eatonville, Washington",earthquake,0.86,2.09,0.192,3,reviewed,uw,uw
2018-05-09T20:32:48.820Z,34.1156667,-117.323,16.73,1.41,ml,38,52,0.08705,0.22,ci,ci38169520,2018-05-09T20:58:38.330Z,"3km WSW of San Bernardino, CA",earthquake,0.38,0.69,0.165,30,reviewed,ci,ci
2018-05-09T20:31:51.045Z,61.5483,-140.9563,8.5,0.8,ml,,,,0.58,ak,ak19398083,2018-05-09T23:18:09.625Z,"183km NNE of Cape Yakataga, Alaska",earthquake,,0.7,,,reviewed,ak,ak
2018-05-09T20:19:30.010Z,46.6086667,-122.3598333,12.81,1.41,ml,25,73,0.1846,0.11,uw,uw61372292,2018-05-09T20:30:41.550Z,"8km NW of Morton, Washington",earthquake,0.33,1.75,0.113,21,reviewed,uw,uw
2018-05-09T20:13:53.670Z,38.7946663,-122.7304993,1.28,0.99,md,9,98,0.01124,0.02,nc,nc73014121,2018-05-09T20:33:03.426Z,"3km NE of The Geysers, CA",earthquake,0.3,0.68,0.18,5,automatic,nc,nc
2018-05-09T20:04:40.440Z,19.1535,-155.486,30.92,1.62,md,13,188,0.02266,0.09,hv,hv70135111,2018-05-10T01:06:42.250Z,"5km S of Pahala, Hawaii",earthquake,1.42,1.11,0.076,8,reviewed,hv,hv
2018-05-09T20:03:20.032Z,40.9488,-116.3751,0,1.6,ml,7,113.14,0.033,0.1985,nn,nn00634349,2018-05-10T02:06:01.651Z,"34km NW of Carlin, Nevada",explosion,,0,0.66,5,reviewed,nn,nn
2018-05-09T19:52:10.360Z,33.5098333,-116.4506667,7.26,0.75,ml,23,103,0.02486,0.11,ci,ci38169512,2018-05-09T22:05:37.737Z,"21km ESE of Anza, CA",earthquake,0.21,0.44,0.094,11,reviewed,ci,ci
2018-05-09T19:52:07.000Z,33.9816667,-116.4393333,2.16,0.35,ml,6,96,0.04814,0.11,ci,ci37186180,2018-05-09T22:10:17.040Z,"6km ENE of Desert Hot Springs, CA",earthquake,0.26,0.37,0.138,6,reviewed,ci,ci
2018-05-09T19:48:17.140Z,33.6775,-116.7203333,15.95,0.81,ml,35,79,0.03397,0.17,ci,ci38169496,2018-05-09T20:44:20.250Z,"7km S of Idyllwild, CA",earthquake,0.28,0.4,0.097,12,reviewed,ci,ci
2018-05-09T19:48:08.250Z,33.6816667,-116.7146667,15.86,1.15,ml,31,83,0.02943,0.1,ci,ci38169504,2018-05-09T20:42:11.700Z,"6km S of Idyllwild, CA",earthquake,0.19,0.29,0.142,29,reviewed,ci,ci
2018-05-09T19:47:36.190Z,33.686,-116.7181667,16.66,0.6,ml,31,83,0.02532,0.15,ci,ci38169488,2018-05-09T20:47:58.846Z,"6km S of Idyllwild, CA",earthquake,0.28,0.36,0.052,7,reviewed,ci,ci
2018-05-09T19:44:28.980Z,33.5143333,-116.4648333,7.12,0.58,ml,13,96,0.03392,0.11,ci,ci38169480,2018-05-09T20:28:42.713Z,"20km ESE of Anza, CA",earthquake,0.27,0.48,0.093,9,reviewed,ci,ci
2018-05-09T19:36:20.473Z,63.3674,-145.0983,0,1.3,ml,,,,0.56,ak,ak19398052,2018-05-09T19:39:45.769Z,"56km S of Deltana, Alaska",earthquake,,0.4,,,automatic,ak,ak
2018-05-09T19:24:42.380Z,46.8591667,-121.763,-0.73,0.31,ml,4,102,0.02407,0.04,uw,uw61372232,2018-05-09T20:35:21.030Z,"28km NNW of Packwood, Washington",earthquake,0.9,3.67,0.073,4,reviewed,uw,uw
2018-05-09T19:15:27.492Z,60.305,-151.1141,51.2,1.6,ml,,,,0.5,ak,ak19396923,2018-05-09T19:25:24.437Z,"12km ESE of Cohoe, Alaska",earthquake,,1.2,,,automatic,ak,ak
2018-05-09T19:15:06.550Z,19.4308333,-155.2655,0.01,2.52,ml,15,138,0.004266,0.07,hv,hv70134986,2018-05-09T19:47:10.292Z,"2km W of Volcano, Hawaii",earthquake,0.23,0.11,0.179,5,reviewed,hv,hv
2018-05-09T19:07:46.600Z,19.381834,-155.0204926,-0.67,1.96,md,26,212,0.05369,0.3,hv,hv70134971,2018-05-09T19:11:11.510Z,"14km SW of Leilani Estates, Hawaii",earthquake,1.25,0.31,0.24,10,automatic,hv,hv
2018-05-09T19:02:56.600Z,38.8196678,-122.7991638,2.41,1.18,md,18,76,0.0093,0.03,nc,nc73014116,2018-05-09T22:14:01.635Z,"6km NW of The Geysers, CA",earthquake,0.26,0.44,0.13,5,automatic,nc,nc
2018-05-09T18:57:03.550Z,38.7766685,-122.7310028,1.38,1.17,md,12,150,0.007939,0.04,nc,nc73014111,2018-05-09T21:47:01.408Z,"2km E of The Geysers, CA",earthquake,0.34,0.43,0.15,5,automatic,nc,nc
2018-05-09T18:55:16.140Z,36.1526667,-120.2321667,10.37,1.64,md,34,163,0.1349,0.09,nc,nc73014101,2018-05-10T02:58:14.556Z,"11km E of Coalinga, CA",earthquake,0.34,0.87,0.1,17,reviewed,nc,nc
2018-05-09T18:54:11.040Z,33.5126667,-116.4633333,6.34,0.77,ml,22,98,0.03321,0.11,ci,ci38169456,2018-05-09T20:25:52.655Z,"20km ESE of Anza, CA",earthquake,0.18,0.36,0.133,14,reviewed,ci,ci
2018-05-09T18:54:08.520Z,39.2845,-122.765,8.06,1.56,md,11,96,0.1283,0.08,nc,nc73014106,2018-05-10T03:08:01.993Z,"18km NE of Upper Lake, CA",earthquake,0.34,1.32,0.253,13,reviewed,nc,nc
2018-05-09T18:52:00.370Z,19.3845005,-155.0175018,-0.68,1.88,md,22,214,0.05039,0.3,hv,hv70134936,2018-05-09T18:55:19.930Z,"13km SW of Leilani Estates, Hawaii",earthquake,1.33,0.36,0.25,10,automatic,hv,hv
2018-05-09T18:46:48.654Z,38.3909,-118.9036,10.9,0.8,ml,8,143.1,0.343,0.1146,nn,nn00634332,2018-05-10T02:05:53.028Z,"28km WSW of Hawthorne, Nevada",earthquake,,7.5,0.36,3,reviewed,nn,nn
2018-05-09T18:45:47.210Z,34.0378333,-116.7968333,13.08,1.21,ml,38,59,0.009476,0.12,ci,ci38169448,2018-05-09T20:24:00.210Z,"13km N of Cabazon, CA",earthquake,0.17,0.38,0.15,21,reviewed,ci,ci
2018-05-09T18:37:37.970Z,19.428,-155.2723333,0.11,2.85,ml,11,106,0.004485,0.08,hv,hv70134911,2018-05-09T19:24:39.839Z,"3km W of Volcano, Hawaii",earthquake,0.25,0.14,0.165,9,reviewed,hv,hv
2018-05-09T18:37:21.900Z,19.3968334,-155.260498,-0.22,2.8,ml,8,145,0.005408,0.11,hv,hv70134906,2018-05-10T02:40:00.635Z,"4km SSW of Volcano, Hawaii",earthquake,0.2,0.39,2.6,10,automatic,hv,hv
2018-05-09T18:34:01.390Z,19.4265003,-155.2716675,0.28,2.85,ml,39,45,0.003805,0.17,hv,hv70134901,2018-05-09T18:45:02.661Z,"3km W of Volcano, Hawaii",earthquake,0.24,0.18,2.96,30,automatic,hv,hv
2018-05-09T18:30:30.110Z,36.0803333,-117.8471667,2.51,1.01,ml,12,124,0.03769,0.06,ci,ci38169424,2018-05-09T20:13:12.215Z,"10km ENE of Coso Junction, CA",earthquake,0.2,0.18,0.105,9,reviewed,ci,ci
2018-05-09T18:25:49.260Z,19.4016666,-155.2825012,0.12,2.92,ml,22,69,0.01042,0.11,hv,hv70134881,2018-05-09T18:40:18.319Z,"5km SW of Volcano, Hawaii",earthquake,0.14,0.14,0.41,13,automatic,hv,hv
2018-05-09T18:24:28.416Z,62.2136,-151.2065,100,1.7,ml,,,,0.59,ak,ak19396719,2018-05-09T18:31:32.653Z,"58km WSW of Talkeetna, Alaska",earthquake,,1.1,,,automatic,ak,ak
2018-05-09T18:17:30.290Z,37.6386667,-118.9685,5.19,1.37,md,24,61,0.02205,0.05,nc,nc73014096,2018-05-10T01:58:01.311Z,"1km ENE of Mammoth Lakes, CA",earthquake,0.33,0.59,0.313,22,reviewed,nc,nc
2018-05-09T18:15:57.830Z,35.0536667,-118.347,-0.97,1.3,ml,8,126,0.06308,0.03,ci,ci38169408,2018-05-09T19:37:21.104Z,"13km SE of Tehachapi, CA",quarry blast,0.19,31.61,0.046,3,reviewed,ci,ci
2018-05-09T18:14:15.780Z,38.8084984,-122.8259964,1.95,0.68,md,10,99,0.002513,0.05,nc,nc73014091,2018-05-09T18:31:02.317Z,"7km WNW of The Geysers, CA",earthquake,0.46,0.75,0.12,2,automatic,nc,nc
2018-05-09T18:09:18.850Z,33.068,-114.9813333,-0.17,1.41,ml,6,196,0.09556,0.12,ci,ci38169400,2018-05-09T19:31:32.157Z,"47km NE of Holtville, CA",quarry blast,0.73,31.61,0.331,4,reviewed,ci,ci
2018-05-09T18:06:13.230Z,37.4436667,-118.3811667,9.04,0.83,md,10,123,0.04062,0.06,nc,nc73014086,2018-05-10T02:05:57.387Z,"7km NNE of Dixon Lane-Meadow Creek, CA",earthquake,0.28,0.94,0.255,9,reviewed,nc,nc
2018-05-09T18:05:05.680Z,46.205,-122.192,4.37,0.21,md,8,110,0.03172,0.08,uw,uw61372107,2018-05-09T18:20:12.240Z,"38km NNE of Amboy, Washington",earthquake,0.32,0.92,0.445,5,reviewed,uw,uw
2018-05-09T18:05:04.390Z,33.5131667,-116.7966667,4.98,0.26,ml,12,167,0.07192,0.08,ci,ci38169392,2018-05-09T23:28:28.244Z,"10km NE of Aguanga, CA",earthquake,0.29,0.98,0.107,5,reviewed,ci,ci
2018-05-09T18:04:52.180Z,33.4801667,-116.5491667,5.65,0.2,ml,13,122,0.04663,0.11,ci,ci37186164,2018-05-09T19:28:12.152Z,"14km SE of Anza, CA",earthquake,0.23,0.53,0.182,4,reviewed,ci,ci
2018-05-09T18:00:18.540Z,33.4641667,-116.4603333,7.27,1.22,ml,41,78,0.06578,0.17,ci,ci38169384,2018-05-09T23:27:57.050Z,"22km ESE of Anza, CA",earthquake,0.22,0.55,0.133,23,reviewed,ci,ci
2018-05-09T17:49:43.320Z,36.3949,-116.9435,6.9,0.1,ml,10,180.97,0.264,0.1933,nn,nn00634340,2018-05-10T02:05:54.875Z,"59km SSW of Beatty, Nevada",earthquake,,4.7,0.17,6,reviewed,nn,nn
2018-05-09T17:48:09.030Z,19.4173336,-155.2851715,0.82,1.72,md,16,63,0.001065,0.2,hv,hv70134811,2018-05-09T17:51:21.470Z,"5km WSW of Volcano, Hawaii",earthquake,0.29,0.32,0.08,3,automatic,hv,hv
2018-05-09T17:44:50.930Z,38.8346672,-122.8073349,12.32,0.61,md,5,217,0.01379,0.03,nc,nc73014081,2018-05-09T19:35:02.688Z,"7km W of Cobb, CA",earthquake,3.61,8.37,,1,automatic,nc,nc
2018-05-09T17:28:51.670Z,33.2295,-116.7683333,11.28,1.3,ml,46,47,0.0103,0.21,ci,ci38169376,2018-05-09T18:11:07.040Z,"1km SSW of Lake Henshaw, CA",earthquake,0.25,0.56,0.168,25,reviewed,ci,ci
2018-05-09T17:27:02.404Z,60.2045,-151.9826,77.6,1.7,ml,,,,0.6,ak,ak19395563,2018-05-09T17:31:01.764Z,"41km WSW of Cohoe, Alaska",earthquake,,2.1,,,automatic,ak,ak
2018-05-09T17:23:36.890Z,65.6384,-147.7119,7,1.9,ml,,,,0.73,ak,ak19395556,2018-05-09T17:28:20.528Z,"87km N of College, Alaska",earthquake,,0.2,,,automatic,ak,ak
2018-05-09T17:08:49.930Z,19.3589993,-155.0274963,1.57,1.72,md,14,217,0.06233,0.13,hv,hv70134721,2018-05-09T17:11:51.880Z,"16km SW of Leilani Estates, Hawaii",earthquake,0.81,0.66,0.45,6,automatic,hv,hv
2018-05-09T17:04:29.080Z,33.5256667,-116.5641667,10.55,1.42,ml,27,63,0.04213,0.13,ci,ci38169352,2018-05-09T20:05:20.292Z,"11km ESE of Anza, CA",earthquake,0.22,0.3,0.129,10,reviewed,ci,ci
2018-05-09T17:03:41.150Z,33.5196667,-116.5756667,10.62,2.84,ml,121,24,0.03301,0.18,ci,ci38169344,2018-05-10T05:24:49.201Z,"10km ESE of Anza, CA",earthquake,0.1,0.15,0.157,163,reviewed,ci,ci
2018-05-09T17:03:33.903Z,61.0286,-159.2245,0.1,1.6,ml,,,,0.56,ak,ak19394439,2018-05-09T17:05:31.275Z,"133km SSE of Holy Cross, Alaska",earthquake,,0.5,,,automatic,ak,ak
2018-05-09T17:01:01.910Z,19.433,-154.8945,4.54,2.72,ml,7,231,0.03196,0.08,hv,hv70134706,2018-05-09T20:34:08.330Z,"4km SSE of Leilani Estates, Hawaii",earthquake,1.22,1.11,0.199,9,reviewed,hv,hv
2018-05-09T16:58:16.628Z,64.7373,-148.2572,17.1,2.3,ml,,,,0.68,ak,ak19394422,2018-05-10T00:14:59.579Z,"16km SW of Ester, Alaska",earthquake,,0.1,,,automatic,ak,ak
2018-05-09T16:54:19.100Z,46.2781667,-118.0208333,-0.59,1.77,ml,15,138,0.2511,0.35,uw,uw61372077,2018-05-09T17:50:13.610Z,"6km SW of Dayton, Washington",explosion,0.96,31.61,0.089,12,reviewed,uw,uw
2018-05-09T16:52:43.370Z,46.9053333,-112.7671667,5.56,0.06,md,6,122,0.091,0.06,mb,mb80292699,2018-05-09T17:12:55.910Z,"8km SW of Lincoln, Montana",earthquake,0.33,5.66,0.29,3,reviewed,mb,mb
2018-05-09T16:46:39.190Z,46.9048333,-112.5173333,13.17,-0.15,md,10,121,0.108,0.11,mb,mb80292754,2018-05-09T23:14:24.920Z,"13km ESE of Lincoln, Montana",earthquake,0.55,0.74,,1,reviewed,mb,mb
2018-05-09T16:40:40.280Z,37.3181667,-122.0993333,-0.31,1.1,md,5,133,0.01656,0.03,nc,nc73014066,2018-05-09T23:14:06.691Z,"4km S of Loyola, CA",quarry blast,1.68,31.61,0.25,5,reviewed,nc,nc
2018-05-09T16:34:09.070Z,33.506,-116.793,4.26,0.76,ml,26,39,0.07533,0.14,ci,ci38169328,2018-05-09T17:07:01.431Z,"10km NE of Aguanga, CA",earthquake,0.18,0.45,0.102,22,reviewed,ci,ci
2018-05-09T16:29:12.410Z,34.0203333,-116.7936667,11.19,0.95,ml,22,74,0.1224,0.14,ci,ci38169312,2018-05-09T17:07:17.495Z,"12km N of Cabazon, CA",earthquake,0.26,0.91,0.192,23,reviewed,ci,ci
2018-05-09T16:25:18.530Z,51.6785,-170.3748,32.23,4,mb,,213,1.18,1.22,us,us1000e1eu,2018-05-09T21:43:36.040Z,"108km SE of Amukta Island, Alaska",earthquake,8.4,10.1,0.054,91,reviewed,us,us
2018-05-09T16:22:35.010Z,33.494,-116.7665,7.46,0.31,ml,18,98,0.07527,0.08,ci,ci38169304,2018-05-09T19:59:31.327Z,"11km ENE of Aguanga, CA",earthquake,0.19,0.45,0.163,12,reviewed,ci,ci
2018-05-09T16:20:53.660Z,46.855,-121.7546667,0.39,0.2,ml,4,99,0.02205,0.08,uw,uw61372057,2018-05-09T17:42:13.390Z,"28km NNW of Packwood, Washington",earthquake,0.51,1.72,0.046,4,reviewed,uw,uw
2018-05-09T16:15:21.060Z,45.6881667,-112.1385,6.12,0.28,md,4,184,0.236,0.12,mb,mb80292744,2018-05-09T23:07:16.660Z,"20km S of Whitehall, Montana",earthquake,0.95,8.75,0.32,5,reviewed,mb,mb
2018-05-09T16:15:09.350Z,36.0276667,-117.813,1.53,0.54,ml,8,87,0.03878,0.06,ci,ci37186156,2018-05-09T17:07:31.223Z,"12km E of Coso Junction, CA",earthquake,0.14,0.25,0.135,4,reviewed,ci,ci
2018-05-09T16:14:47.970Z,36.0288333,-117.8143333,1.44,0.81,ml,19,57,0.03994,0.11,ci,ci38169296,2018-05-09T16:58:55.065Z,"12km E of Coso Junction, CA",earthquake,0.14,0.19,0.24,11,reviewed,ci,ci
2018-05-09T16:10:09.550Z,55.0613,-161.206,72.43,3.7,mb,,180,0.508,0.84,us,us1000e1en,2018-05-09T21:36:52.040Z,"54km SW of Sand Point, Alaska",earthquake,8.9,10.5,0.14,13,reviewed,us,us
2018-05-09T16:07:52.420Z,46.8535,-121.7538333,0.27,-0.33,md,4,101,0.02278,0.07,uw,uw61372042,2018-05-09T17:04:41.670Z,"28km NNW of Packwood, Washington",earthquake,0.41,1.52,0.37,4,reviewed,uw,uw
2018-05-09T16:06:04.774Z,63.5993,-149.8551,123.9,1.2,ml,,,,0.3,ak,ak19393264,2018-05-09T16:28:38.550Z,"50km WNW of Cantwell, Alaska",earthquake,,0.4,,,reviewed,ak,ak
2018-05-09T16:05:02.900Z,19.4118333,-155.2613333,1.89,1.5,md,18,95,0.001398,0.07,hv,hv70134531,2018-05-09T19:26:02.800Z,"3km SW of Volcano, Hawaii",earthquake,0.27,0.17,0.07,5,reviewed,hv,hv
2018-05-09T16:04:52.480Z,37.5958333,-118.8243333,0.24,0.3,md,9,226,0.006927,0.02,nc,nc73014061,2018-05-09T17:56:03.131Z,"13km WNW of Toms Place, CA",earthquake,0.76,0.59,0.366,8,reviewed,nc,nc
2018-05-09T16:03:46.868Z,64.6927,-149.0017,15.2,1.2,ml,,,,0.34,ak,ak19393262,2018-05-09T16:06:09.893Z,"13km NNE of North Nenana, Alaska",earthquake,,0.2,,,automatic,ak,ak
2018-05-09T16:01:55.140Z,19.4008331,-155.2626648,0.16,2.46,ml,12,109,0.004092,0.12,hv,hv70134521,2018-05-09T16:07:33.100Z,"4km SW of Volcano, Hawaii",earthquake,0.21,0.26,4.62,3,automatic,hv,hv
2018-05-09T15:57:54.220Z,33.4925,-116.7901667,4.11,0.6,ml,22,36,0.08507,0.1,ci,ci38169264,2018-05-09T19:50:49.044Z,"9km NE of Aguanga, CA",earthquake,0.16,0.43,0.089,16,reviewed,ci,ci
2018-05-09T15:49:30.270Z,33.4925,-116.7898333,4.22,0.66,ml,19,60,0.08492,0.08,ci,ci38169256,2018-05-09T19:43:40.248Z,"9km NE of Aguanga, CA",earthquake,0.13,0.32,0.085,17,reviewed,ci,ci
2018-05-09T15:49:15.190Z,34.3876667,-116.879,-1.72,1.2,ml,4,315,0.1297,0.16,ci,ci37186172,2018-05-09T19:46:28.049Z,"10km SE of Lucerne Valley, CA",quarry blast,2.39,31.61,0.103,7,reviewed,ci,ci
2018-05-09T15:46:24.160Z,46.2003333,-122.2003333,6.67,0.26,ml,9,82,0.006603,0.09,uw,uw61372032,2018-05-09T16:50:09.550Z,"37km NNE of Amboy, Washington",earthquake,0.77,1.01,0.064,6,reviewed,uw,uw
2018-05-09T15:41:29.960Z,38.8238333,-122.8536667,2.51,0.38,md,18,63,0.004473,0.05,nc,nc73014051,2018-05-10T00:00:17.527Z,"10km WNW of The Geysers, CA",earthquake,0.24,0.5,,3,reviewed,nc,nc
2018-05-09T15:33:23.070Z,33.4591667,-116.3905,10.86,0.89,ml,21,156,0.07049,0.14,ci,ci38169240,2018-05-09T23:10:05.682Z,"23km N of Borrego Springs, CA",earthquake,0.31,0.56,0.099,19,reviewed,ci,ci
2018-05-09T15:32:35.920Z,19.4266663,-154.9063263,1.89,1.86,md,7,260,0.03109,0.1,hv,hv70134461,2018-05-09T15:35:50.880Z,"4km SSE of Leilani Estates, Hawaii",earthquake,1.01,0.43,0.44,3,automatic,hv,hv
2018-05-09T15:22:42.870Z,19.2861671,-155.2446594,7.18,1.72,md,14,148,0.01953,0.25,hv,hv70134446,2018-05-09T15:25:56.780Z,"16km S of Volcano, Hawaii",earthquake,0.94,1.32,0.06,3,automatic,hv,hv
2018-05-09T15:17:11.040Z,46.8631667,-121.7668333,-0.14,-0.04,md,3,202,0.0249,0.02,uw,uw61372027,2018-05-09T15:54:26.970Z,"29km NNW of Packwood, Washington",earthquake,0.88,1.72,0.163,3,reviewed,uw,uw
2018-05-09T15:15:06.730Z,46.8533333,-121.7503333,0.73,0.34,ml,4,110,0.02134,0.08,uw,uw61372022,2018-05-09T16:06:20.470Z,"28km NNW of Packwood, Washington",earthquake,0.46,1.34,0.081,4,reviewed,uw,uw
2018-05-09T15:06:34.100Z,37.7861667,-121.961,16.03,1.78,md,30,61,0.08629,0.08,nc,nc73014036,2018-05-10T02:55:00.918Z,"2km ENE of San Ramon, CA",earthquake,0.26,0.4,0.14,27,reviewed,nc,nc
2018-05-09T15:05:22.440Z,37.7856667,-121.9631667,18.18,1.6,md,19,63,0.08016,0.05,nc,nc73014031,2018-05-10T02:50:02.371Z,"2km ENE of San Ramon, CA",earthquake,0.47,0.81,0.174,12,reviewed,nc,nc
2018-05-09T15:02:33.880Z,19.3920002,-155.2948303,0.94,1.92,md,15,82,0.002138,0.16,hv,hv70134396,2018-05-09T15:05:31.610Z,"7km SW of Volcano, Hawaii",earthquake,0.3,0.23,0.64,3,automatic,hv,hv
2018-05-09T15:01:36.030Z,38.8196678,-122.7806702,0.22,0.85,md,12,59,0.006399,0.03,nc,nc73014026,2018-05-09T15:20:02.261Z,"5km W of Cobb, CA",earthquake,0.3,0.44,0.05,4,automatic,nc,nc
2018-05-09T15:00:17.670Z,52.2767,174.2329,62.43,4.9,mb,,113,3.27,1.05,us,us1000e1dg,2018-05-09T16:15:23.730Z,"50km S of Shemya Island, Alaska",earthquake,9.8,7.2,0.027,418,reviewed,us,us
2018-05-09T14:59:29.580Z,19.4076672,-155.2628326,1.32,1.89,md,12,64,0.005207,0.1,hv,hv70134391,2018-05-09T15:02:27.300Z,"3km SW of Volcano, Hawaii",earthquake,0.28,0.44,0.54,3,automatic,hv,hv
2018-05-09T14:55:08.950Z,38.8098333,-122.836,2.82,0.3,md,8,167,0.005416,0.03,nc,nc73014021,2018-05-10T00:22:53.023Z,"8km WNW of The Geysers, CA",earthquake,1.5,2.93,,1,reviewed,nc,nc
2018-05-09T14:44:24.305Z,37.4184,-116.0538,7.2,0.6,ml,11,163.02,0.221,0.0891,nn,nn00634293,2018-05-10T02:05:09.481Z,"78km W of Alamo, Nevada",earthquake,,8.3,0.38,8,reviewed,nn,nn
2018-05-09T14:39:19.311Z,62.1534,-142.1185,0,1.4,ml,,,,0.49,ak,ak19392086,2018-05-09T14:40:59.132Z,"139km SSE of Tok, Alaska",earthquake,,0.6,,,automatic,ak,ak
2018-05-09T14:39:12.910Z,19.300333,-155.2478333,5.83,1.92,md,29,101,0.029,0.27,hv,hv70134346,2018-05-09T14:42:36.130Z,"14km S of Volcano, Hawaii",earthquake,0.61,0.99,0.43,10,automatic,hv,hv
2018-05-09T14:34:13.753Z,36.4577,-115.7968,7.5,0.4,ml,11,282.3,0.244,0.0923,nn,nn00634320,2018-05-10T02:05:43.457Z,"32km NNE of Pahrump, Nevada",earthquake,,6,0.6,5,reviewed,nn,nn
2018-05-09T14:31:19.806Z,57.7864,-157.4824,165.6,2.7,ml,,,,0.56,ak,ak19392076,2018-05-09T15:52:25.184Z,"111km SSW of King Salmon, Alaska",earthquake,,0.7,,,reviewed,ak,ak
2018-05-09T14:31:12.879Z,36.9745,-117.5483,0,0.7,ml,14,198.8,0.147,0.1276,nn,nn00634289,2018-05-10T02:05:00.664Z,"61km NE of Lone Pine, California",earthquake,,0,0.25,10,reviewed,nn,nn
2018-05-09T14:30:59.770Z,33.2365,-116.7716667,11.2,1.5,ml,48,46,0.01083,0.19,ci,ci38169200,2018-05-09T14:44:08.270Z,"1km SW of Lake Henshaw, CA",earthquake,0.21,0.63,0.171,27,reviewed,ci,ci
2018-05-09T14:29:45.031Z,63.5242,-150.7765,3.9,1.4,ml,,,,0.77,ak,ak19392074,2018-05-09T14:32:55.896Z,"92km W of Cantwell, Alaska",earthquake,,0.4,,,automatic,ak,ak
2018-05-09T14:19:38.380Z,36.5736667,-121.1288333,9.88,0.98,md,10,139,0.04932,0.05,nc,nc73014006,2018-05-09T23:28:02.034Z,"5km NNE of Pinnacles, CA",earthquake,0.36,0.86,0.127,9,reviewed,nc,nc
2018-05-09T14:16:28.241Z,38.7905,-119.6102,12.2,0.9,ml,8,140.98,0.299,0.1117,nn,nn00634321,2018-05-10T02:05:44.964Z,"15km SE of Gardnerville Ranchos, Nevada",earthquake,,3.8,0.1,4,reviewed,nn,nn
2018-05-09T14:14:38.188Z,63.9323,-148.7291,18.8,0.8,ml,,,,0.63,ak,ak19392045,2018-05-09T14:17:11.474Z,"14km NE of Healy, Alaska",earthquake,,0.2,,,automatic,ak,ak
2018-05-09T14:11:26.980Z,38.4252,-118.8845,2.5,0.6,ml,7,160.33,0.345,0.1296,nn,nn00634288,2018-05-10T02:04:57.779Z,"25km WSW of Hawthorne, Nevada",earthquake,,4.9,0.32,3,reviewed,nn,nn
2018-05-09T14:11:05.400Z,19.3751667,-154.9888333,6.32,2.51,ml,6,242,0.05998,0.01,hv,hv70134286,2018-05-09T20:36:04.680Z,"12km SW of Leilani Estates, Hawaii",earthquake,1.78,1.76,0.092,8,reviewed,hv,hv
2018-05-09T14:01:57.140Z,38.8214989,-122.7953339,0.59,1,md,9,117,0.01167,0.03,nc,nc73014001,2018-05-09T14:16:02.915Z,"6km NW of The Geysers, CA",earthquake,0.31,0.65,0.04,3,automatic,nc,nc
2018-05-09T14:00:26.260Z,19.4185009,-154.9089966,2.05,1.82,md,17,221,0.03809,0.22,hv,hv70134261,2018-05-09T14:03:30.290Z,"5km S of Leilani Estates, Hawaii",earthquake,1.7,1.01,0.19,5,automatic,hv,hv
2018-05-09T13:55:10.777Z,60.4566,-149.8397,33.9,1.8,ml,,,,0.56,ak,ak19390929,2018-05-09T13:58:13.568Z,"40km NW of Bear Creek, Alaska",earthquake,,0.1,,,automatic,ak,ak
2018-05-09T13:54:12.094Z,64.5331,-160.2375,3,1.6,ml,,,,0.55,ak,ak19390930,2018-05-09T14:04:16.569Z,"78km NNE of Unalakleet, Alaska",earthquake,,0.4,,,automatic,ak,ak
2018-05-09T13:51:30.680Z,46.865,-121.7431667,2.76,0.56,ml,4,115,0.009461,0.1,uw,uw61371987,2018-05-09T16:10:00.140Z,"29km N of Packwood, Washington",earthquake,0.91,0.97,0.136,4,reviewed,uw,uw
2018-05-09T13:50:16.660Z,19.4064999,-155.2655029,1.76,2.1,md,16,52,0.007687,0.13,hv,hv70134236,2018-05-09T13:53:19.280Z,"3km SW of Volcano, Hawaii",earthquake,0.29,0.32,0.59,3,automatic,hv,hv
2018-05-09T13:45:52.198Z,36.4591,-115.7934,11.3,0,ml,9,282.36,0.244,,nn,nn00634315,2018-05-10T02:05:38.724Z,"32km NNE of Pahrump, Nevada",earthquake,,,,,reviewed,nn,nn
2018-05-09T13:40:47.730Z,56.0151,-149.8257,10,4,ml,,199,2.264,0.7,us,us1000e1bp,2018-05-09T14:12:56.040Z,"252km SE of Kodiak, Alaska",earthquake,7.1,2,0.056,42,reviewed,us,us
2018-05-09T13:37:29.610Z,33.9143333,-116.8393333,6.65,1.21,ml,40,33,0.08778,0.18,ci,ci38169152,2018-05-09T14:43:04.780Z,"4km ESE of Banning, CA",earthquake,0.22,1,0.223,29,reviewed,ci,ci
2018-05-09T13:34:51.280Z,56.0994,-149.9009,10,4,ml,,203,2.182,0.78,us,us1000e1bk,2018-05-09T14:22:08.040Z,"242km SE of Kodiak, Alaska",earthquake,7.6,2,0.053,46,reviewed,us,us
2018-05-09T13:31:16.620Z,33.5171667,-116.793,3.87,0.41,ml,20,69,0.06692,0.15,ci,ci38169136,2018-05-09T13:38:49.423Z,"11km NE of Aguanga, CA",earthquake,0.26,0.87,0.184,12,reviewed,ci,ci
2018-05-09T13:25:14.080Z,33.6455,-116.7548333,11.48,0.46,ml,17,100,0.05225,0.08,ci,ci38169128,2018-05-09T23:22:53.773Z,"11km SSW of Idyllwild, CA",earthquake,0.22,0.4,0.128,9,reviewed,ci,ci
2018-05-09T13:19:33.790Z,38.8284988,-122.8063354,2.42,1.06,md,20,77,0.005874,0.02,nc,nc73013986,2018-05-09T13:43:01.712Z,"7km NW of The Geysers, CA",earthquake,0.28,0.41,0.05,4,automatic,nc,nc
2018-05-09T13:16:29.790Z,36.2213333,-120.791,5.42,1.23,md,27,135,0.009911,0.11,nc,nc73013981,2018-05-10T04:00:03.348Z,"23km ENE of San Lucas, CA",earthquake,0.55,0.25,0.101,14,reviewed,nc,nc
2018-05-09T13:05:06.228Z,37.3384,-114.6366,9.7,0.7,ml,4,128.16,0.62,,nn,nn00634313,2018-05-10T02:05:35.732Z,"32km SSW of Caliente, Nevada",earthquake,,,,,reviewed,nn,nn
2018-05-09T13:01:14.940Z,19.3286667,-155.1035004,5.61,1.81,md,25,190,0.04896,0.25,hv,hv70134156,2018-05-09T13:04:32.830Z,"18km SE of Volcano, Hawaii",earthquake,0.94,0.63,0.15,8,automatic,hv,hv
2018-05-09T12:57:41.860Z,32.7995,-115.4556667,10.69,1.05,ml,14,101,0.009464,0.28,ci,ci38169112,2018-05-09T16:54:51.551Z,"7km W of Holtville, CA",earthquake,0.58,0.63,0.077,5,reviewed,ci,ci
2018-05-09T12:54:37.640Z,19.1709995,-155.1338348,-0.49,2.16,md,30,225,0.1143,0.3,hv,hv70134141,2018-05-09T12:57:47.580Z,"30km SSE of Volcano, Hawaii",earthquake,1.97,0.5,0.28,11,automatic,hv,hv
2018-05-09T12:49:42.110Z,42.6551667,-111.3955,-3.34,1.95,md,9,110,0.1532,0.26,uu,uu60280872,2018-05-09T21:29:46.560Z,"17km E of Soda Springs, Idaho",earthquake,0.8,2.64,0.64,3,reviewed,uu,uu
2018-05-09T12:44:08.067Z,63.1134,-148.3736,62.1,0.8,ml,,,,0.36,ak,ak19389768,2018-05-09T15:42:41.932Z,"42km SE of Cantwell, Alaska",earthquake,,0.6,,,reviewed,ak,ak
2018-05-09T12:42:32.830Z,19.3619995,-155.0046692,5.26,2.26,ml,31,238,0.07124,0.28,hv,hv70134101,2018-05-09T12:48:10.280Z,"14km SW of Leilani Estates, Hawaii",earthquake,0.93,0.73,4.31,3,automatic,hv,hv
2018-05-09T12:41:16.520Z,19.4041667,-155.289,0.96,1.62,md,15,61,0.01067,0.06,hv,hv70134096,2018-05-09T21:34:04.600Z,"6km WSW of Volcano, Hawaii",earthquake,0.17,0.18,0.082,3,reviewed,hv,hv
2018-05-09T12:39:50.546Z,63.2693,-151.187,6.8,1.3,ml,,,,0.38,ak,ak19389766,2018-05-09T12:41:08.950Z,"112km W of Cantwell, Alaska",earthquake,,0.3,,,automatic,ak,ak
2018-05-09T12:29:25.240Z,19.4415,-154.93,3.92,1.27,md,7,186,0.01787,0.04,hv,hv70134071,2018-05-09T20:50:37.000Z,"3km SSW of Leilani Estates, Hawaii",earthquake,1.17,1.23,0.085,3,reviewed,hv,hv
2018-05-09T12:24:00.160Z,60.112,-139.4038,0,1.1,ml,,,,0.43,ak,ak19389757,2018-05-09T12:26:55.350Z,"65km NNE of Yakutat, Alaska",earthquake,,0.4,,,automatic,ak,ak
2018-05-09T12:22:40.220Z,33.505,-116.7923333,5.16,0.44,ml,17,60,0.07578,0.11,ci,ci38169096,2018-05-09T12:56:51.191Z,"10km NE of Aguanga, CA",earthquake,0.22,0.91,0.115,13,reviewed,ci,ci
2018-05-09T12:19:23.670Z,38.7893333,-122.7661667,1.54,0.74,md,12,97,0.01859,0.03,nc,nc73013956,2018-05-09T12:34:02.756Z,"2km NNW of The Geysers, CA",earthquake,0.3,0.75,0.24,3,automatic,nc,nc
2018-05-09T12:17:58.350Z,36.0363333,-117.3405,2.51,0.95,ml,15,140,0.1223,0.15,ci,ci38169088,2018-05-09T12:57:23.589Z,"30km N of Searles Valley, CA",earthquake,0.49,1.75,0.19,9,reviewed,ci,ci
2018-05-09T12:17:46.770Z,33.9773333,-116.8013333,17.68,0.85,ml,26,87,0.05792,0.19,ci,ci38169080,2018-05-09T12:57:59.550Z,"7km N of Cabazon, CA",earthquake,0.42,0.71,0.147,23,reviewed,ci,ci
2018-05-09T12:17:22.460Z,36.0355,-117.3421667,3.48,1.3,ml,18,135,0.1211,0.18,ci,ci38169072,2018-05-09T23:34:03.566Z,"30km N of Searles Valley, CA",earthquake,0.53,1.13,0.181,14,reviewed,ci,ci
2018-05-09T12:11:39.680Z,19.3490009,-155.0833282,5.51,2.03,ml,33,206,0.03889,0.24,hv,hv70134051,2018-05-09T12:17:13.650Z,"18km ESE of Volcano, Hawaii",earthquake,0.77,0.76,4.18,3,automatic,hv,hv
2018-05-09T12:01:54.150Z,42.6619,-111.4471,4.25,2.6,ml,,100,0.115,0.21,us,us1000e1ay,2018-05-10T04:13:35.209Z,"12km E of Soda Springs, Idaho",earthquake,2.1,5.6,0.062,34,reviewed,us,us
2018-05-09T11:59:53.500Z,19.3955002,-155.0164948,-0.41,1.74,md,15,209,0.03958,0.16,hv,hv70134016,2018-05-09T12:03:15.630Z,"13km SW of Leilani Estates, Hawaii",earthquake,1,0.42,0.19,4,automatic,hv,hv
2018-05-09T11:55:39.780Z,34.0213333,-116.7878333,14.13,1.44,ml,51,69,0.02155,0.21,ci,ci38169064,2018-05-09T12:59:04.000Z,"12km N of Cabazon, CA",earthquake,0.23,0.42,0.24,27,reviewed,ci,ci
2018-05-09T11:54:48.730Z,58.1573,-155.3787,1,0.8,ml,,,,0.29,ak,ak19388754,2018-05-09T15:34:28.392Z,"95km SE of King Salmon, Alaska",earthquake,,0,,,reviewed,ak,ak
2018-05-09T11:52:45.620Z,63.0939,-150.3946,99.6,1.5,ml,,,,0.4,ak,ak19388747,2018-05-09T15:23:44.353Z,"79km WSW of Cantwell, Alaska",earthquake,,0.4,,,reviewed,ak,ak
2018-05-09T11:43:33.510Z,36.9111667,-121.4828333,11.06,0.78,md,18,127,0.09088,0.13,nc,nc73013936,2018-05-09T23:18:01.976Z,"9km NE of San Juan Bautista, CA",earthquake,0.5,0.93,0.271,16,reviewed,nc,nc
2018-05-09T11:38:06.710Z,38.821167,-122.7788315,-0.14,1.75,md,21,57,0.008028,0.04,nc,nc73013926,2018-05-09T15:39:03.365Z,"5km W of Cobb, CA",earthquake,0.17,0.32,0.07,7,automatic,nc,nc
2018-05-09T11:35:26.020Z,38.8198318,-122.7799988,0.18,0.81,md,9,135,0.006585,0.04,nc,nc73013916,2018-05-09T11:50:02.081Z,"5km W of Cobb, CA",earthquake,0.37,0.48,0.06,2,automatic,nc,nc
2018-05-09T11:27:44.182Z,36.0686,-117.31,0,0.4,ml,9,200.54,0.179,,nn,nn00634311,2018-05-10T02:05:29.166Z,"34km NNE of Searles Valley, California",earthquake,,,,,reviewed,nn,nn
2018-05-09T11:22:26.060Z,38.8196678,-122.8061676,0.01,1.21,md,6,197,0.004813,0.05,nc,nc73013911,2018-05-09T14:44:02.074Z,"6km NW of The Geysers, CA",earthquake,0.91,0.67,0.01,3,automatic,nc,nc
2018-05-09T11:20:32.170Z,44.8258333,-111.6153333,11.65,0.68,md,7,149,0.102,0.13,mb,mb80292764,2018-05-09T23:27:38.210Z,"44km WNW of West Yellowstone, Montana",earthquake,0.53,0.45,0.338,3,reviewed,mb,mb
2018-05-09T11:20:29.085Z,36.0614,-117.3238,0,0.5,ml,8,205.05,0.174,,nn,nn00634309,2018-05-10T02:05:27.676Z,"33km NNE of Searles Valley, California",earthquake,,,,,reviewed,nn,nn
2018-05-09T11:19:38.980Z,36.0363333,-117.3488333,2.3,1.12,ml,14,139,0.1156,0.1,ci,ci38169056,2018-05-09T12:58:02.580Z,"30km N of Searles Valley, CA",earthquake,0.35,0.54,0.209,12,reviewed,ci,ci
2018-05-09T11:19:32.791Z,36.2254,-115.6884,0,1,ml,19,109.57,0.489,0.1639,nn,nn00634276,2018-05-10T02:04:44.770Z,"26km E of Pahrump, Nevada",earthquake,,0,0.24,9,reviewed,nn,nn
2018-05-09T11:14:58.050Z,33.65,-116.754,11.21,0.31,ml,14,103,0.05679,0.15,ci,ci38169048,2018-05-09T12:58:06.591Z,"10km SSW of Idyllwild, CA",earthquake,0.42,0.74,0.121,8,reviewed,ci,ci
2018-05-09T11:05:32.529Z,63.1822,-144.8186,6.8,1.8,ml,,,,0.31,ak,ak19388579,2018-05-09T11:54:15.586Z,"79km SSE of Deltana, Alaska",earthquake,,0.3,,,automatic,ak,ak
2018-05-09T11:02:18.710Z,38.8035011,-122.815834,2.48,1.22,md,24,82,0.01172,0.04,nc,nc73013901,2018-05-09T14:17:02.922Z,"6km WNW of The Geysers, CA",earthquake,0.26,0.42,0.1,5,automatic,nc,nc
2018-05-09T10:58:09.020Z,19.3568325,-155.0299988,6.01,1.97,md,23,216,0.0622,0.26,hv,hv70133916,2018-05-09T11:01:55.090Z,"17km SW of Leilani Estates, Hawaii",earthquake,0.9,0.75,0.42,8,automatic,hv,hv
2018-05-09T10:52:47.060Z,33.5768333,-116.6021667,12.14,0.35,ml,16,70,0.02191,0.07,ci,ci38169040,2018-05-09T19:48:31.937Z,"7km ENE of Anza, CA",earthquake,0.25,0.38,0.158,8,reviewed,ci,ci
2018-05-09T10:47:33.109Z,39.1978,-119.6842,0,0.1,ml,3,246.14,0.049,,nn,nn00634306,2018-05-10T02:05:21.813Z,"8km ENE of Carson City, Nevada",earthquake,,,,,reviewed,nn,nn
2018-05-09T10:41:45.750Z,36.9902,71.3687,111.93,6.2,mww,,19,0.586,1.03,us,us1000e19e,2018-05-10T05:24:10.526Z,"36km NW of Ishkashim, Tajikistan",earthquake,6,4.3,0.066,22,reviewed,us,us
2018-05-09T10:34:15.392Z,60.2001,-141.5534,0.1,1.3,ml,,,,0.74,ak,ak19387481,2018-05-09T10:36:10.697Z,"50km ENE of Cape Yakataga, Alaska",earthquake,,0.6,,,automatic,ak,ak
2018-05-09T10:33:32.720Z,19.38,-155.0103333,6.23,2.39,ml,9,226,0.05362,0.02,hv,hv70133871,2018-05-10T00:38:59.820Z,"13km SW of Leilani Estates, Hawaii",earthquake,1.18,1.1,0.121,7,reviewed,hv,hv
2018-05-09T10:27:40.853Z,35.7995,-116.5377,0,0.1,ml,6,237.02,0.235,0.1403,nn,nn00634287,2018-05-10T02:04:55.981Z,"61km NNE of Fort Irwin, California",earthquake,,2.5,0.23,2,reviewed,nn,nn
2018-05-09T10:19:10.950Z,34.0211667,-116.798,12.68,0.69,ml,17,103,0.01614,0.12,ci,ci38169032,2018-05-09T12:58:21.151Z,"12km N of Cabazon, CA",earthquake,0.29,0.74,0.092,15,reviewed,ci,ci
2018-05-09T10:17:28.129Z,37.2593,-117.6156,5.8,0.4,ml,8,150.57,0.036,0.1167,nn,nn00634317,2018-05-10T02:05:41.816Z,"60km E of Big Pine, California",earthquake,,2.7,0.13,5,reviewed,nn,nn
2018-05-09T10:15:02.650Z,37.378,-122.2706667,7.96,0.99,md,11,77,0.03618,0.03,nc,nc73013891,2018-05-10T01:43:35.859Z,"3km WSW of Portola Valley, CA",earthquake,0.33,0.55,0.164,13,reviewed,nc,nc
2018-05-09T10:14:13.070Z,37.3768333,-122.2671667,8.03,1.85,md,53,60,0.03515,0.04,nc,nc73013886,2018-05-10T05:09:03.654Z,"3km WSW of Portola Valley, CA",earthquake,0.1,0.17,0.11,50,reviewed,nc,nc
2018-05-09T10:06:04.720Z,37.375,-122.2668333,7.75,0.84,md,10,79,0.0364,0.06,nc,nc73013881,2018-05-10T00:35:25.451Z,"3km WSW of Portola Valley, CA",earthquake,0.37,0.55,0.123,10,reviewed,nc,nc
2018-05-09T10:02:09.920Z,35.9696667,-117.6691667,3.4,0.42,ml,7,121,0.02654,0.04,ci,ci38169024,2018-05-09T12:58:18.885Z,"22km E of Little Lake, CA",earthquake,0.26,0.35,0.138,6,reviewed,ci,ci
2018-05-09T10:01:49.267Z,40.2315,-121.1399,0,0.7,ml,6,128.28,0.304,0.1261,nn,nn00634316,2018-05-10T02:05:40.309Z,"11km SE of Chester, California",earthquake,,0,0.08,2,reviewed,nn,nn
2018-05-09T10:01:28.090Z,35.9711667,-117.672,2.62,0.58,ml,17,47,0.0291,0.1,ci,ci38169016,2018-05-09T16:21:13.896Z,"22km E of Little Lake, CA",earthquake,0.15,0.16,0.175,7,reviewed,ci,ci
2018-05-09T09:59:36.252Z,64.0542,-148.1077,98.6,1.7,ml,,,,0.7,ak,ak19387450,2018-05-09T10:06:53.575Z,"47km ENE of Healy, Alaska",earthquake,,0.9,,,automatic,ak,ak
2018-05-09T09:57:59.750Z,38.8033333,-122.7698364,0.97,0.88,md,11,110,0.01304,0.02,nc,nc73013876,2018-05-09T10:22:02.594Z,"3km NNW of The Geysers, CA",earthquake,0.31,0.87,0.07,3,automatic,nc,nc
2018-05-09T09:50:50.348Z,36.7389,-115.8504,3.2,-0.1,ml,9,245.7,0.109,0.1174,nn,nn00634314,2018-05-10T02:05:37.213Z,"60km NNE of Pahrump, Nevada",earthquake,,3.1,0.24,3,reviewed,nn,nn
2018-05-09T09:25:49.520Z,33.493,-116.4268333,16.24,0.51,ml,19,165,0.03033,0.19,ci,ci38169008,2018-05-09T12:58:46.207Z,"22km SSW of La Quinta, CA",earthquake,0.72,0.84,0.188,12,reviewed,ci,ci
2018-05-09T09:23:51.690Z,37.853,-121.9876667,8.43,1.27,md,31,80,0.06992,0.06,nc,nc73013846,2018-05-10T02:46:01.870Z,"3km NW of Diablo, CA",earthquake,0.16,0.29,0.084,25,reviewed,nc,nc
2018-05-09T09:16:47.788Z,60.4038,-143.1793,12.9,0.3,ml,,,,0.33,ak,ak19386391,2018-05-09T14:55:53.800Z,"55km NW of Cape Yakataga, Alaska",earthquake,,0.3,,,reviewed,ak,ak
2018-05-09T09:11:00.970Z,19.3670006,-155.1461639,0.89,1.82,md,20,174,0.0251,0.29,hv,hv70133766,2018-05-09T09:14:13.360Z,"11km SE of Volcano, Hawaii",earthquake,0.86,0.6,0.13,7,automatic,hv,hv
2018-05-09T09:08:03.770Z,19.3438339,-155.159668,6.32,2.4,md,22,99,0.03657,0.34,hv,hv70133761,2018-05-09T09:11:25.400Z,"12km SE of Volcano, Hawaii",earthquake,0.86,0.95,0.88,8,automatic,hv,hv
2018-05-09T09:04:22.690Z,61.2886,-146.7931,0,1.7,ml,,,,0.58,ak,ak19386363,2018-05-09T09:09:09.645Z,"29km NW of Valdez, Alaska",earthquake,,0.5,,,automatic,ak,ak
2018-05-09T08:58:14.100Z,38.8269997,-122.8050003,2.21,0.94,md,7,76,0.005354,0.02,nc,nc73013831,2018-05-09T09:21:04.238Z,"7km NW of The Geysers, CA",earthquake,0.5,1.22,0.08,2,automatic,nc,nc
2018-05-09T08:56:33.630Z,19.3980007,-155.2723389,0,2.97,ml,47,37,0.002894,0.33,hv,hv70133741,2018-05-10T02:58:08.799Z,"5km SW of Volcano, Hawaii",earthquake,0.2,0.22,2.48,30,automatic,hv,hv
2018-05-09T08:47:40.810Z,38.8250008,-122.8059998,2.47,0.73,md,11,66,0.003564,0.03,nc,nc73013826,2018-05-09T09:11:02.183Z,"7km NW of The Geysers, CA",earthquake,0.39,1.01,,1,automatic,nc,nc
2018-05-09T08:44:05.744Z,60.74,-140.362,12.8,1.7,ml,,,,0.85,ak,ak19385344,2018-05-09T08:54:15.316Z,"136km NE of Cape Yakataga, Alaska",earthquake,,0.1,,,automatic,ak,ak
2018-05-09T08:41:47.910Z,37.6298333,-118.874,6.45,1.06,md,26,88,0.01393,0.06,nc,nc73013816,2018-05-09T17:46:02.068Z,"9km E of Mammoth Lakes, CA",earthquake,0.29,0.44,0.184,24,reviewed,nc,nc
2018-05-09T08:40:08.160Z,37.6293333,-118.8778333,5.74,0.31,md,16,89,0.01569,0.07,nc,nc73013821,2018-05-09T18:52:02.623Z,"9km E of Mammoth Lakes, CA",earthquake,0.49,0.66,0.262,14,reviewed,nc,nc
2018-05-09T08:30:44.080Z,33.2376667,-116.7716667,12.2,1.15,ml,48,39,0.01095,0.15,ci,ci38169000,2018-05-09T19:56:32.200Z,"1km WSW of Lake Henshaw, CA",earthquake,0.17,0.45,0.134,27,reviewed,ci,ci
2018-05-09T08:18:45.840Z,35.5198333,-120.0801667,11.15,1.67,md,48,117,0.04896,0.08,nc,nc73013811,2018-05-10T01:35:01.174Z,"20km NNW of Simmler, CA",earthquake,0.17,0.26,0.182,24,reviewed,nc,nc
2018-05-09T08:18:16.560Z,19.1588326,-155.3103333,10.07,1.97,md,19,218,0.1136,0.32,hv,hv70133686,2018-05-09T08:21:29.090Z,"18km ESE of Pahala, Hawaii",earthquake,1.35,0.84,0.22,6,automatic,hv,hv
2018-05-09T08:17:02.730Z,19.4006667,-155.2918333,1.07,1.85,md,17,75,0.009726,0.09,hv,hv70133681,2018-05-09T21:25:37.210Z,"6km WSW of Volcano, Hawaii",earthquake,0.24,0.15,0.047,3,reviewed,hv,hv
2018-05-09T08:12:53.210Z,35.6946667,-121.1375,5.27,1.22,md,15,119,0.1004,0.04,nc,nc73013806,2018-05-10T01:42:01.214Z,"7km NE of San Simeon, CA",earthquake,0.18,0.66,0.189,10,reviewed,nc,nc
2018-05-09T08:11:34.390Z,19.3400002,-155.0606689,6.88,1.78,md,24,226,0.05841,0.2,hv,hv70133666,2018-05-09T08:14:57.880Z,"19km S of Fern Acres, Hawaii",earthquake,0.75,0.49,0.12,8,automatic,hv,hv
2018-05-09T08:07:06.080Z,19.4174995,-155.2608337,1.03,2.47,ml,17,66,0.005459,0.14,hv,hv70133651,2018-05-09T08:12:43.540Z,"2km WSW of Volcano, Hawaii",earthquake,0.19,0.21,0.27,3,automatic,hv,hv
2018-05-09T07:57:55.250Z,-5.8916,151.7962,10,6,mww,,42,1.728,0.95,us,us1000e17w,2018-05-09T20:46:20.040Z,"177km SSW of Kokopo, Papua New Guinea",earthquake,6.3,1.6,0.071,19,reviewed,us,us
2018-05-09T07:56:46.890Z,19.3863335,-155.0338287,0.37,1.93,md,14,217,0.04211,0.18,hv,hv70133641,2018-05-09T07:59:55.880Z,"14km SSE of Fern Acres, Hawaii",earthquake,1,0.47,0.32,8,automatic,hv,hv
2018-05-09T07:53:52.750Z,33.9808333,-116.4345,3.36,1.21,ml,49,48,0.04541,0.14,ci,ci38168984,2018-05-09T20:11:51.330Z,"7km ENE of Desert Hot Springs, CA",earthquake,0.17,0.36,0.187,25,reviewed,ci,ci
2018-05-09T07:53:49.153Z,40.0723,-119.6873,14.8,0.5,ml,9,232.59,0.166,0.2435,nn,nn00634285,2018-05-10T02:04:53.989Z,"47km N of Spanish Springs, Nevada",earthquake,,4.8,0.32,2,reviewed,nn,nn
2018-05-09T07:52:45.300Z,56.0998,-149.9997,19.75,3.6,ml,,209,2.135,0.53,us,us1000e17r,2018-05-09T09:15:06.040Z,"238km SE of Kodiak, Alaska",earthquake,9.6,9.7,0.053,46,reviewed,us,us
2018-05-09T07:51:56.690Z,33.9843333,-116.437,2.66,1.07,ml,13,96,0.04947,0.1,ci,ci38168976,2018-05-09T23:20:47.884Z,"6km ENE of Desert Hot Springs, CA",earthquake,0.17,0.19,0.08,4,reviewed,ci,ci
2018-05-09T07:51:29.580Z,33.9815,-116.4336667,2.86,1.2,ml,30,61,0.04568,0.15,ci,ci38168968,2018-05-09T20:17:00.572Z,"7km ENE of Desert Hot Springs, CA",earthquake,0.19,0.28,0.166,24,reviewed,ci,ci
2018-05-09T07:50:25.350Z,19.449667,-154.9646606,0.85,1.83,md,11,166,0.0408,0.21,hv,hv70133611,2018-05-09T07:53:41.920Z,"5km WSW of Leilani Estates, Hawaii",earthquake,1.19,0.91,0.01,3,automatic,hv,hv
2018-05-09T07:48:47.170Z,38.8223343,-122.8061676,2.26,0.53,md,18,59,0.00323,0.04,nc,nc73013801,2018-05-09T08:25:01.952Z,"7km NW of The Geysers, CA",earthquake,0.26,0.52,0.33,2,automatic,nc,nc
2018-05-09T07:48:40.710Z,38.8050003,-122.7961655,2.47,1.53,md,12,133,0.003039,0.04,nc,nc73013796,2018-05-09T10:48:02.728Z,"5km NW of The Geysers, CA",earthquake,0.54,0.85,0.12,3,automatic,nc,nc
2018-05-09T07:47:18.790Z,38.8173332,-122.8133316,3.41,0.76,md,11,100,0.006566,0.04,nc,nc73013791,2018-05-09T08:04:02.836Z,"7km NW of The Geysers, CA",earthquake,0.62,1.47,0.17,2,automatic,nc,nc
2018-05-09T07:46:22.690Z,55.9372,-149.8768,5,2.9,ml,,,,0.59,ak,ak19384302,2018-05-09T14:48:41.327Z,"257km SE of Kodiak, Alaska",earthquake,,1.6,,,reviewed,ak,ak
2018-05-09T07:41:13.570Z,33.2343333,-117.4286667,15.45,1.39,ml,41,175,0.05559,0.16,ci,ci38168960,2018-05-09T13:00:45.870Z,"5km W of Camp Pendleton South, CA",earthquake,0.44,0.34,0.178,27,reviewed,ci,ci
2018-05-09T07:40:34.310Z,19.4055,-155.2781667,0.23,2.39,md,28,37,0.007,0.08,hv,hv70133601,2018-05-09T20:34:28.830Z,"5km WSW of Volcano, Hawaii",earthquake,0.13,0.14,0.045,6,reviewed,hv,hv
2018-05-09T07:38:16.248Z,59.7729,-136.6553,0,1.6,ml,,,,0.84,ak,ak19384274,2018-05-09T07:44:36.624Z,"83km WNW of Skagway, Alaska",earthquake,,0.3,,,automatic,ak,ak
2018-05-09T07:37:54.940Z,38.8286667,-122.8056641,4.3,0.56,md,7,127,0.01542,0.01,nc,nc73013786,2018-05-09T07:54:01.668Z,"7km NW of The Geysers, CA",earthquake,1.08,5.08,,1,automatic,nc,nc
2018-05-09T07:28:38.170Z,37.0498333,-97.915,3.85,2.03,ml,14,73,0.06793,0.05,ismpkansas,ismpkansas70245418,2018-05-10T01:17:41.120Z,"15km SE of Anthony, Kansas",earthquake,0.21,1.77,0.25,17,reviewed,ismp,ismp
2018-05-09T07:22:53.350Z,38.8255005,-122.8068314,2.34,2.05,md,28,58,0.003292,0.04,nc,nc73013776,2018-05-09T10:21:03.589Z,"7km NW of The Geysers, CA",earthquake,0.2,0.37,0.1,7,automatic,nc,nc
2018-05-09T07:22:06.140Z,37.6278333,-118.8753333,6.23,0.69,md,20,90,0.01321,0.06,nc,nc73013781,2018-05-09T17:26:02.964Z,"9km E of Mammoth Lakes, CA",earthquake,0.37,0.46,0.139,16,reviewed,nc,nc
2018-05-09T07:20:53.620Z,38.8264999,-122.8066635,2.35,2.2,md,37,50,0.004088,0.04,nc,nc73013771,2018-05-09T10:06:02.509Z,"7km NW of The Geysers, CA",earthquake,0.17,0.29,0.17,11,automatic,nc,nc
2018-05-09T07:17:03.540Z,19.390667,-154.9774933,-0.65,1.86,md,24,242,0.04972,0.24,hv,hv70133566,2018-05-09T07:20:18.360Z,"10km SW of Leilani Estates, Hawaii",earthquake,0.95,0.28,0.28,8,automatic,hv,hv
2018-05-09T07:15:19.970Z,38.7588348,-122.7333298,3.16,1.21,md,13,165,0.01067,0.03,nc,nc73013766,2018-05-09T09:51:02.417Z,"3km SE of The Geysers, CA",earthquake,0.79,0.89,0.05,4,automatic,nc,nc
